id,created_utc,subreddit,author,body,score,ups,permalink,body_clean,body_clean_lower,comment_word_count
ki55tqf,1705422940.0,musicmarketing,theoddone518,"There is no proof bots hurt your algorithm at all. It's still dishonest and stupid to use bots.

I haven't tried them yet but Indie Music Academy runs your campaign for 30 days and if you don't hit their stream target they refund the difference right to your payment method. It's the most worthwhile and honest model I've seen for pitching.",1.0,1.0,/r/musicmarketing/comments/197j9wo/i_do_not_know_what_to_make_of_this_review/ki55tqf/,There is no proof bots hurt your algorithm at all. It's still dishonest and stupid to use bots. I haven't tried them yet but Indie Music Academy runs your campaign for 30 days and if you don't hit their stream target they refund the difference right to your payment method. It's the most worthwhile and honest model I've seen for pitching.,there is no proof bots hurt your algorithm at all. it's still dishonest and stupid to use bots. i haven't tried them yet but indie music academy runs your campaign for 30 days and if you don't hit their stream target they refund the difference right to your payment method. it's the most worthwhile and honest model i've seen for pitching.,61
kg570xw,1704299381.0,musicmarketing,DaRealDorianGray,"Submithub and Indie Music Academy seem to be among the most renowned. They are both expensive, but that would make sense. Indie Music Academy seems particularly nice because they are supposed to refund you if you do not reach the goal. I am open to suggestions!",1.0,1.0,/r/musicmarketing/comments/18warez/about_botted_streams_on_spotify/kg570xw/,"Submithub and Indie Music Academy seem to be among the most renowned. They are both expensive, but that would make sense. Indie Music Academy seems particularly nice because they are supposed to refund you if you do not reach the goal. I am open to suggestions!","submithub and indie music academy seem to be among the most renowned. they are both expensive, but that would make sense. indie music academy seems particularly nice because they are supposed to refund you if you do not reach the goal. i am open to suggestions!",46
kfmo31w,1703982276.0,WeAreTheMusicMakers,Accesstomymusic,Indie Music Academy is also good. I have used all of what I have recommended after listening to reviews by Two Story Media and also Andrew Southworth on YouTube.,1.0,1.0,/r/WeAreTheMusicMakers/comments/18uqfni/beware_of_boost_collective/kfmo31w/,Indie Music Academy is also good. I have used all of what I have recommended after listening to reviews by Two Story Media and also Andrew Southworth on YouTube.,indie music academy is also good. i have used all of what i have recommended after listening to reviews by two story media and also andrew southworth on youtube.,29
kenm93a,1703364260.0,musicmarketing,Krimshaw_42,"For bigger and higher quality playlists try

Playlist Push

Indie Music Academy

Then you can also use

Playlist Supply
Artist.Tools

To find curators and pitch them.  Artist.Tools is especially valuable because it also has a service that vets for bots.  There's over 4 billion user created playlists on Spotify so it does require a ton of work to find the good ones and the good curators.  But they're out there. 

Once you pitch more in your genre, you'll also discover services that represent many playlists in your genre.  Just be sure to always vet for bots before spending any money.",1.0,1.0,/r/musicmarketing/comments/18p2h9x/how_do_you_go_about_getting_on_playlists/kenm93a/,"For bigger and higher quality playlists try Playlist Push Indie Music Academy Then you can also use Playlist Supply Artist.Tools To find curators and pitch them.  Artist.Tools is especially valuable because it also has a service that vets for bots.  There's over 4 billion user created playlists on Spotify so it does require a ton of work to find the good ones and the good curators.  But they're out there.  Once you pitch more in your genre, you'll also discover services that represent many playlists in your genre.  Just be sure to always vet for bots before spending any money.","for bigger and higher quality playlists try playlist push indie music academy then you can also use playlist supply artist.tools to find curators and pitch them.  artist.tools is especially valuable because it also has a service that vets for bots.  there's over 4 billion user created playlists on spotify so it does require a ton of work to find the good ones and the good curators.  but they're out there.  once you pitch more in your genre, you'll also discover services that represent many playlists in your genre.  just be sure to always vet for bots before spending any money.",100
kar33et,1700948970.0,edmproduction,selma4life,"Honestly I would not take any feedback from Submithub seriously, unless they give very specific feedback, and or they have some background they are speaking from (usually they don't.) You gotta understand that those sites operate on listens so curators are trying to listen to as much music as they can to get as lil money as they can, etc. A big tell is to listen to the playlists you are pitching to, a lot of the time the music featured is already mainstream, or established artists, most playlisters are not looking to get new music or artists into their lineup, unless you fit neatly into that mainstream sound already. So if you're doing something unique or 'different' you will not have a good shot at getting any traction from them. You're better off saving the $$ and doing something like Indie Music Academy or Playlist Push.",1.0,1.0,/r/edmproduction/comments/183szf1/help_decoding_dumb_feedback_from_submithub/kar33et/,"Honestly I would not take any feedback from Submithub seriously, unless they give very specific feedback, and or they have some background they are speaking from (usually they don't.) You gotta understand that those sites operate on listens so curators are trying to listen to as much music as they can to get as lil money as they can, etc. A big tell is to listen to the playlists you are pitching to, a lot of the time the music featured is already mainstream, or established artists, most playlisters are not looking to get new music or artists into their lineup, unless you fit neatly into that mainstream sound already. So if you're doing something unique or 'different' you will not have a good shot at getting any traction from them. You're better off saving the $$ and doing something like Indie Music Academy or Playlist Push.","honestly i would not take any feedback from submithub seriously, unless they give very specific feedback, and or they have some background they are speaking from (usually they don't.) you gotta understand that those sites operate on listens so curators are trying to listen to as much music as they can to get as lil money as they can, etc. a big tell is to listen to the playlists you are pitching to, a lot of the time the music featured is already mainstream, or established artists, most playlisters are not looking to get new music or artists into their lineup, unless you fit neatly into that mainstream sound already. so if you're doing something unique or 'different' you will not have a good shot at getting any traction from them. you're better off saving the $$ and doing something like indie music academy or playlist push.",147
kaa3th5,1700645296.0,musicmarketing,Krimshaw_42,"&gt;indie Music Academy

Only this one guarantees streams. Playlist Push is a crapshoot.  Up to the curators.  But they have a lot of of the bigger curators under their umbrella

&gt;wouldn't there be a few worthwhile

I've only found one that I'll use regularly.  Best bet with a small budget is to find perfect playlist matches to your song using Artist.Tools &amp; Playlist Supply, and also doing your own searching and research on Spotify - vet them for bots and then negotiate directly with individual curators. 

An example of how to search organically on Spotify for free would be to put in ""Rap 2023 Instagram"" or ""Rap 2023 @gmail.com"" into the search bar.",1.0,1.0,/r/musicmarketing/comments/1814tk8/my_quick_overview_of_the_music_marketing/kaa3th5/,">indie Music Academy Only this one guarantees streams. Playlist Push is a crapshoot.  Up to the curators.  But they have a lot of of the bigger curators under their umbrella >wouldn't there be a few worthwhile I've only found one that I'll use regularly.  Best bet with a small budget is to find perfect playlist matches to your song using Artist.Tools & Playlist Supply, and also doing your own searching and research on Spotify - vet them for bots and then negotiate directly with individual curators.  An example of how to search organically on Spotify for free would be to put in ""Rap 2023 Instagram"" or ""Rap 2023 .com"" into the search bar.",">indie music academy only this one guarantees streams. playlist push is a crapshoot.  up to the curators.  but they have a lot of of the bigger curators under their umbrella >wouldn't there be a few worthwhile i've only found one that i'll use regularly.  best bet with a small budget is to find perfect playlist matches to your song using artist.tools & playlist supply, and also doing your own searching and research on spotify - vet them for bots and then negotiate directly with individual curators.  an example of how to search organically on spotify for free would be to put in ""rap 2023 instagram"" or ""rap 2023 .com"" into the search bar.",113
kaa3h8z,1700645024.0,musicmarketing,selma4life,"I saw you mentioned Playlist Push and indie Music Academy, do they actually Garner guaranteed streams, or does vary campaign to campaign. Also saw you mention smaller ones that aren't worth it, but if you're under a tight budget wouldn't there be a few worthwhile if you don't have the $300 to shell out for the bigger lists?",1.0,1.0,/r/musicmarketing/comments/1814tk8/my_quick_overview_of_the_music_marketing/kaa3h8z/,"I saw you mentioned Playlist Push and indie Music Academy, do they actually Garner guaranteed streams, or does vary campaign to campaign. Also saw you mention smaller ones that aren't worth it, but if you're under a tight budget wouldn't there be a few worthwhile if you don't have the $300 to shell out for the bigger lists?","i saw you mentioned playlist push and indie music academy, do they actually garner guaranteed streams, or does vary campaign to campaign. also saw you mention smaller ones that aren't worth it, but if you're under a tight budget wouldn't there be a few worthwhile if you don't have the $300 to shell out for the bigger lists?",58
kaa1e5w,1700643330.0,musicmarketing,Krimshaw_42,"So my personal biggest takeaway is unfortunately not a great one.  I think when I started a few years ago I saw more hope than I do now for indie artists, but there's still some good news as well.  A lot of the bad news is related and it boils down to a few things. 

- All Social Media has become hostile to creators / artists.  They have suppressed their algorithms.  Organic reach is nearly impossible.  This is not by accident.  They want you to buy Ads.  They need you to buy Ads because they're publicly traded companies who need to generate more and more revenue.  That's just how the market works.  They start cool and artist friendly (TikTok) - then they get a critical mass of users and start going way too heavy on monetization, effectively ruining what made the platform cool.   So it's not your imagination.  The deck is increasingly stacked against you.  Right now there are no artist friendly platforms. None.  Zero.   Threads could change that if they get hashtags and DMs going.  Until then they are a non factor.

Spotify and YouTube.  You need to understand these are not profitable businesses.  So while yes, they are not paying artists hardly anything, they aren't turning a profit either.  Streaming is not a good business model.  You have to remember that for 10 years all content was effectively being stolen on Torrents and Limewire and before that Napster.  Piracy wiped out the traditional music industry completely.  Streaming is an attempt to bring it back but even big artists are not making bank and neither is Spotify.  The money is in having fans.  Fans that pay to see you live.  Buy merch (although the overhead on that is not great, until you're moving huge amounts of it).  So realistically the game is this, get fans and play live shows - or sell them stuff.  Physical Media, or Merch if you don't plan on playing live.  Or you could go the influencer / Podcaster route.

That being said - Spotify still has a HUGE market share of streaming activity AND presents a massive opportunity to reach fans anywhere in the world.  This is the good news.  It's a global market!  When you dig into the data on Chart Metric - most of the biggest streaming markets are in Latin America.  They LOVE music down there and the currency exchange rate is extremely favorable. 

So, if you have a small marketing budget, I would honestly put it towards Spanish language Ads in Central and South America and also Portuguese Ads in Brazil. 

Then, very important, I would familiarize yourself with Google Translate.  This is the part of the job I enjoy most.  The most important thing you can do to turn a casual listener into a fan is actually very simple. 

Talk to them.  Technology is now a great tool and without speaking a word of Spanish you can have a full conversation with someone in Guatemala.  Who will actually be grateful to hear from you.  And you'll learn about other countries and their culture. Their perspectives.  And your money will go infinitely further than trying to compete in the oversaturated and incredibly expensive to advertise in Primary Markets that everyone is always advertising in.  You can also learn how to run ads for $1 / day until you get better at it and then apply what you've learned to the major markets. 

Other than that, the biggest thing I would suggest is having a decent playlisting budget.  Spotify claims payola isn't allowed but that is an outright lie.  Every decent playlist wants money or a paid service to reach the curators and Spotify does not enforce their policies AT ALL.  There are some free resources to help with playlists, and sure, you can spend all day pitching, but you won't move the needle without money.  Why is playlisting important?  If done correctly it will train the algorithm to recommend your song to the right people.  And that is when Spotify starts working for you, not against you.  You must pitch the right songs to the right playlists though. Really know your genre, sub-genre, mood, activity, target audience.  (Gym / Workout playlists are popular for example.  Summer Playlists.   Chill Playlists.  Driving Playlists.)  You need to know the playlisting landscape. There's over FOUR BILLION playlists on Spotify!  And very few good ones!

Free Playlist Services:
Soundplate.Com
DailyPlaylists.Com

Good Subscription Services:

Artist.Tools (most valuable because they have a bot vetting service that is very helpful)
Playlist Supply
Playlist Hunter

SubmitHub is good for hitting up a few dozen curators and maybe some influencer placements if you're on a budget.  $100 worth of credits can get you meaningful results

Playlist Push is probably the best premium service - starts at $297 though - goes up to $5k campaigns

Indie Music Academy also starts at $297 - if you just wanna get in some big playlists, guaranteed streams and juice your numbers, they start at 10k guaranteed streams

Then after that there's a bunch of smaller players or ones I've not read good reviews on that I wouldn't use

My artists I've worked with have small and tight budgets, and are self financing their careers, so we're always looking to stretch every dollar far as we can so I just thought that might help some of you out and answer some questions.  I'm happy to answer any specific questions but that's kind of the main overview of what I've learned in a couple years in this crazy ""business""

Long live independent music!

Screw the corporate gatekeepers and the big money keeping all you talented mofos down!

ðŸ¤˜Horns UpðŸ¤˜
ðŸ”¥Let's GoðŸ”¥
ðŸŽ¶NamasteðŸŽ¶",1.0,1.0,/r/musicmarketing/comments/1814tk8/my_quick_overview_of_the_music_marketing/kaa1e5w/,"So my personal biggest takeaway is unfortunately not a great one.  I think when I started a few years ago I saw more hope than I do now for indie artists, but there's still some good news as well.  A lot of the bad news is related and it boils down to a few things.   All Social Media has become hostile to creators / artists.  They have suppressed their algorithms.  Organic reach is nearly impossible.  This is not by accident.  They want you to buy Ads.  They need you to buy Ads because they're publicly traded companies who need to generate more and more revenue.  That's just how the market works.  They start cool and artist friendly (TikTok) - then they get a critical mass of users and start going way too heavy on monetization, effectively ruining what made the platform cool.   So it's not your imagination.  The deck is increasingly stacked against you.  Right now there are no artist friendly platforms. None.  Zero.   Threads could change that if they get hashtags and DMs going.  Until then they are a non factor. Spotify and YouTube.  You need to understand these are not profitable businesses.  So while yes, they are not paying artists hardly anything, they aren't turning a profit either.  Streaming is not a good business model.  You have to remember that for 10 years all content was effectively being stolen on Torrents and Limewire and before that Napster.  Piracy wiped out the traditional music industry completely.  Streaming is an attempt to bring it back but even big artists are not making bank and neither is Spotify.  The money is in having fans.  Fans that pay to see you live.  Buy merch (although the overhead on that is not great, until you're moving huge amounts of it).  So realistically the game is this, get fans and play live shows - or sell them stuff.  Physical Media, or Merch if you don't plan on playing live.  Or you could go the influencer / Podcaster route. That being said - Spotify still has a HUGE market share of streaming activity AND presents a massive opportunity to reach fans anywhere in the world.  This is the good news.  It's a global market!  When you dig into the data on Chart Metric - most of the biggest streaming markets are in Latin America.  They LOVE music down there and the currency exchange rate is extremely favorable.  So, if you have a small marketing budget, I would honestly put it towards Spanish language Ads in Central and South America and also Portuguese Ads in Brazil.  Then, very important, I would familiarize yourself with Google Translate.  This is the part of the job I enjoy most.  The most important thing you can do to turn a casual listener into a fan is actually very simple.  Talk to them.  Technology is now a great tool and without speaking a word of Spanish you can have a full conversation with someone in Guatemala.  Who will actually be grateful to hear from you.  And you'll learn about other countries and their culture. Their perspectives.  And your money will go infinitely further than trying to compete in the oversaturated and incredibly expensive to advertise in Primary Markets that everyone is always advertising in.  You can also learn how to run ads for $1 / day until you get better at it and then apply what you've learned to the major markets.  Other than that, the biggest thing I would suggest is having a decent playlisting budget.  Spotify claims payola isn't allowed but that is an outright lie.  Every decent playlist wants money or a paid service to reach the curators and Spotify does not enforce their policies AT ALL.  There are some free resources to help with playlists, and sure, you can spend all day pitching, but you won't move the needle without money.  Why is playlisting important?  If done correctly it will train the algorithm to recommend your song to the right people.  And that is when Spotify starts working for you, not against you.  You must pitch the right songs to the right playlists though. Really know your genre, sub-genre, mood, activity, target audience.  (Gym / Workout playlists are popular for example.  Summer Playlists.   Chill Playlists.  Driving Playlists.)  You need to know the playlisting landscape. There's over FOUR BILLION playlists on Spotify!  And very few good ones! Free Playlist Services Soundplate.Com DailyPlaylists.Com Good Subscription Services Artist.Tools (most valuable because they have a bot vetting service that is very helpful) Playlist Supply Playlist Hunter SubmitHub is good for hitting up a few dozen curators and maybe some influencer placements if you're on a budget.  $100 worth of credits can get you meaningful results Playlist Push is probably the best premium service - starts at $297 though - goes up to $5k campaigns Indie Music Academy also starts at $297 - if you just wanna get in some big playlists, guaranteed streams and juice your numbers, they start at 10k guaranteed streams Then after that there's a bunch of smaller players or ones I've not read good reviews on that I wouldn't use My artists I've worked with have small and tight budgets, and are self financing their careers, so we're always looking to stretch every dollar far as we can so I just thought that might help some of you out and answer some questions.  I'm happy to answer any specific questions but that's kind of the main overview of what I've learned in a couple years in this crazy ""business"" Long live independent music! Screw the corporate gatekeepers and the big money keeping all you talented mofos down! Horns Up Let's Go Namaste","so my personal biggest takeaway is unfortunately not a great one.  i think when i started a few years ago i saw more hope than i do now for indie artists, but there's still some good news as well.  a lot of the bad news is related and it boils down to a few things.   all social media has become hostile to creators / artists.  they have suppressed their algorithms.  organic reach is nearly impossible.  this is not by accident.  they want you to buy ads.  they need you to buy ads because they're publicly traded companies who need to generate more and more revenue.  that's just how the market works.  they start cool and artist friendly (tiktok) - then they get a critical mass of users and start going way too heavy on monetization, effectively ruining what made the platform cool.   so it's not your imagination.  the deck is increasingly stacked against you.  right now there are no artist friendly platforms. none.  zero.   threads could change that if they get hashtags and dms going.  until then they are a non factor. spotify and youtube.  you need to understand these are not profitable businesses.  so while yes, they are not paying artists hardly anything, they aren't turning a profit either.  streaming is not a good business model.  you have to remember that for 10 years all content was effectively being stolen on torrents and limewire and before that napster.  piracy wiped out the traditional music industry completely.  streaming is an attempt to bring it back but even big artists are not making bank and neither is spotify.  the money is in having fans.  fans that pay to see you live.  buy merch (although the overhead on that is not great, until you're moving huge amounts of it).  so realistically the game is this, get fans and play live shows - or sell them stuff.  physical media, or merch if you don't plan on playing live.  or you could go the influencer / podcaster route. that being said - spotify still has a huge market share of streaming activity and presents a massive opportunity to reach fans anywhere in the world.  this is the good news.  it's a global market!  when you dig into the data on chart metric - most of the biggest streaming markets are in latin america.  they love music down there and the currency exchange rate is extremely favorable.  so, if you have a small marketing budget, i would honestly put it towards spanish language ads in central and south america and also portuguese ads in brazil.  then, very important, i would familiarize yourself with google translate.  this is the part of the job i enjoy most.  the most important thing you can do to turn a casual listener into a fan is actually very simple.  talk to them.  technology is now a great tool and without speaking a word of spanish you can have a full conversation with someone in guatemala.  who will actually be grateful to hear from you.  and you'll learn about other countries and their culture. their perspectives.  and your money will go infinitely further than trying to compete in the oversaturated and incredibly expensive to advertise in primary markets that everyone is always advertising in.  you can also learn how to run ads for $1 / day until you get better at it and then apply what you've learned to the major markets.  other than that, the biggest thing i would suggest is having a decent playlisting budget.  spotify claims payola isn't allowed but that is an outright lie.  every decent playlist wants money or a paid service to reach the curators and spotify does not enforce their policies at all.  there are some free resources to help with playlists, and sure, you can spend all day pitching, but you won't move the needle without money.  why is playlisting important?  if done correctly it will train the algorithm to recommend your song to the right people.  and that is when spotify starts working for you, not against you.  you must pitch the right songs to the right playlists though. really know your genre, sub-genre, mood, activity, target audience.  (gym / workout playlists are popular for example.  summer playlists.   chill playlists.  driving playlists.)  you need to know the playlisting landscape. there's over four billion playlists on spotify!  and very few good ones! free playlist services soundplate.com dailyplaylists.com good subscription services artist.tools (most valuable because they have a bot vetting service that is very helpful) playlist supply playlist hunter submithub is good for hitting up a few dozen curators and maybe some influencer placements if you're on a budget.  $100 worth of credits can get you meaningful results playlist push is probably the best premium service - starts at $297 though - goes up to $5k campaigns indie music academy also starts at $297 - if you just wanna get in some big playlists, guaranteed streams and juice your numbers, they start at 10k guaranteed streams then after that there's a bunch of smaller players or ones i've not read good reviews on that i wouldn't use my artists i've worked with have small and tight budgets, and are self financing their careers, so we're always looking to stretch every dollar far as we can so i just thought that might help some of you out and answer some questions.  i'm happy to answer any specific questions but that's kind of the main overview of what i've learned in a couple years in this crazy ""business"" long live independent music! screw the corporate gatekeepers and the big money keeping all you talented mofos down! horns up let's go namaste",945
k7osh5a,1699037789.0,musicmarketing,Krimshaw_42,"Yeah.  Depends on the genre and the song if it's worth it.  I've found it's good for hip hop and certain rap.  Although for pure Trap / Drill / Hype Indie Music Academy is arguably a better, safer bet.",1.0,1.0,/r/musicmarketing/comments/17mwq15/how_do_you_verify_a_curator_is_not_using_bots/k7osh5a/,"Yeah.  Depends on the genre and the song if it's worth it.  I've found it's good for hip hop and certain rap.  Although for pure Trap / Drill / Hype Indie Music Academy is arguably a better, safer bet.","yeah.  depends on the genre and the song if it's worth it.  i've found it's good for hip hop and certain rap.  although for pure trap / drill / hype indie music academy is arguably a better, safer bet.",39
k4nlt7z,1697165408.0,musicmarketing,awrigh26,"Nice but not nice. Lol i'll have to read the whole thing, yeah..it's a marketing tactic and sucks you in for sure. I'm going to pivot to indie music academy for my courses to up my skillz on online marketing for my music. I like their DIY and go at your own pace approach. Works better for me.",1.0,1.0,/r/musicmarketing/comments/15zi6s1/modern_musician_gold_artist_academy_worth_it/k4nlt7z/,"Nice but not nice. Lol i'll have to read the whole thing, yeah..it's a marketing tactic and sucks you in for sure. I'm going to pivot to indie music academy for my courses to up my skillz on online marketing for my music. I like their DIY and go at your own pace approach. Works better for me.","nice but not nice. lol i'll have to read the whole thing, yeah..it's a marketing tactic and sucks you in for sure. i'm going to pivot to indie music academy for my courses to up my skillz on online marketing for my music. i like their diy and go at your own pace approach. works better for me.",58
k3timx5,1696657926.0,WeAreTheMusicMakers,sparrowhawk1291,Playlist Push is trash. Go for something with a guarantee like Indie Music Academy.,1.0,1.0,/r/WeAreTheMusicMakers/comments/171winz/alternatives_to_submithub/k3timx5/,Playlist Push is trash. Go for something with a guarantee like Indie Music Academy.,playlist push is trash. go for something with a guarantee like indie music academy.,14
k1r06oy,1695408077.0,musicmarketing,awrigh26,Hey thank you for sharing. I'm prob gonna pivot to indie music academy fan attraction system. It's a roadmap and self motivated without coaches. I had issues with their program having no money back guarantee (at least 30 days) and also charging me an extra $1000 to go on the payment plan. Indie Music Academy has things that will tailor to my needs better and also has a solid guarantee. Its def a marketing course in music over there and I'm fine with. But you can learn marketing skills elsewhere. Not only that their program once finished will require you to pay close to $250 a month for their software. It's a way to upsell their system that's all in one. I think about it from time to time but please lmk how it goes once you've graduated! :) what's your social handle?,1.0,1.0,/r/musicmarketing/comments/15zi6s1/modern_musician_gold_artist_academy_worth_it/k1r06oy/,Hey thank you for sharing. I'm prob gonna pivot to indie music academy fan attraction system. It's a roadmap and self motivated without coaches. I had issues with their program having no money back guarantee (at least 30 days) and also charging me an extra $1000 to go on the payment plan. Indie Music Academy has things that will tailor to my needs better and also has a solid guarantee. Its def a marketing course in music over there and I'm fine with. But you can learn marketing skills elsewhere. Not only that their program once finished will require you to pay close to $250 a month for their software. It's a way to upsell their system that's all in one. I think about it from time to time but please lmk how it goes once you've graduated! ) what's your social handle?,hey thank you for sharing. i'm prob gonna pivot to indie music academy fan attraction system. it's a roadmap and self motivated without coaches. i had issues with their program having no money back guarantee (at least 30 days) and also charging me an extra $1000 to go on the payment plan. indie music academy has things that will tailor to my needs better and also has a solid guarantee. its def a marketing course in music over there and i'm fine with. but you can learn marketing skills elsewhere. not only that their program once finished will require you to pay close to $250 a month for their software. it's a way to upsell their system that's all in one. i think about it from time to time but please lmk how it goes once you've graduated! ) what's your social handle?,143
k0qznyh,1694810609.0,Songwriters,stmarystmike,"As a follow up, indie music academy offers refunds. I havenâ€™t spent the time going through the details, but their marketing might suggest that they donâ€™t guarantee number boosts, but rather offer refunds if you donâ€™t see growth. That potentially suggests that it might be part of a marketing strategy, and not just stream farming. Iâ€™d just make sure you read the terms. If theyâ€™re helping to you get your music in front of people then it might be legitimate. If theyâ€™re just boosting streams, id be careful",1.0,1.0,/r/Songwriters/comments/16jdcu3/spotify_scam/k0qznyh/,"As a follow up, indie music academy offers refunds. I havenâ€™t spent the time going through the details, but their marketing might suggest that they donâ€™t guarantee number boosts, but rather offer refunds if you donâ€™t see growth. That potentially suggests that it might be part of a marketing strategy, and not just stream farming. Iâ€™d just make sure you read the terms. If theyâ€™re helping to you get your music in front of people then it might be legitimate. If theyâ€™re just boosting streams, id be careful","as a follow up, indie music academy offers refunds. i havenâ€™t spent the time going through the details, but their marketing might suggest that they donâ€™t guarantee number boosts, but rather offer refunds if you donâ€™t see growth. that potentially suggests that it might be part of a marketing strategy, and not just stream farming. iâ€™d just make sure you read the terms. if theyâ€™re helping to you get your music in front of people then it might be legitimate. if theyâ€™re just boosting streams, id be careful",88
jxr3zts,1693000526.0,musicmarketing,MysticCherryBlossom,"I haven't used playlistpush. 

I tried SubmitHub but only ever got rejected. I got tired of tracking down curators, listening to their playlists for like 30 minutes to make sure it was a good fit, writing a pitch to submit, and then still ultimately getting rejected so I decided I would just pay people to push my songs for me. No, I'm not talking about paying people to place me on a playlist (that's probably botted), but paying to have 3rd parties push my songs to legitimate curators.

So far, I have used YouGrow, Indie Music Academy, and Partnered Projects. There's dangers in using services like those too. In case you do decide to go this route:

YouGrow will 100% get you fast streams, but as someone mentioned, it was mostly Latin American streams, which probably fucked up my algorithm. You live and you learn right?

Indie Music Academy probably gave me the best results. I got on a great playlist, got some really good streams, got added to some other playlists from just being on that one, someone actually reached out to me on IG after finding me on this playlist, and I still get some streams on that song from people who found me on this playlist (not a lot but still more than any of my other songs). Couple of things about them though, they were only able to find placement for 1 of the 3 songs I submitted to them(refunds are guaranteed if they can't place you). And, it takes them fucking FOREVER to place you. Like, it took me weeks before they placed my 1 song, and then like a month or two before they told me they couldn't place me for the other 2. That's a LONG time. I didn't realize how long and thought this was normal until I tried Partnered Projects.

After Indie Music Academy kept being unable to place me, I tried Partnered Projects. They have somewhat of a co-sign from Andrew Southworth, so I figured they were probably legit. It only took them a few days to place me, and they were probably the best at actually placing me on RELEVANT playlists. The promotion I started with them is currently still running, so I am not sure how good the long term effects will be but I am happy enough with the results I want to use them again. In fact, probably going to use them for the song I just released AND the one after that. They also don't guarantee you placement, so they don't charge you until they have secured you a placement.

Anyway, paying for playlisting in anyway isn't a great idea (saying this as someone who does it) since as I mentioned it can fuck up your Spotify algo if you end up on the wrong playlists and also the long term benefits are questionable. While I got on some personal and smaller playlists from being on these paid playlists, I didn't gain any followers from it. So, lots of short term listeners, a few long term listeners of those particular songs, but no actual fans.

Only reason I still use this method is because this is the only method where I have seen SOME positive gains. I am currently promoting my new song harder than I have promoted ANY song ever (haven't paid to have it pitched for playlisting yet) by using ads on IG while also posting regularly on TikTok and YouTube. So far, the results have been abysmal (it's only been a week so far), so yeah...I can only do what I can until I start performing live, which will hopefully be the push I need to actually start gaining a following.

I know you didn't ask any of this lol, but hopefully some of this can help you or someone else!",1.0,1.0,/r/musicmarketing/comments/1616hff/is_playlistpush_legit/jxr3zts/,"I haven't used playlistpush.  I tried SubmitHub but only ever got rejected. I got tired of tracking down curators, listening to their playlists for like 30 minutes to make sure it was a good fit, writing a pitch to submit, and then still ultimately getting rejected so I decided I would just pay people to push my songs for me. No, I'm not talking about paying people to place me on a playlist (that's probably botted), but paying to have 3rd parties push my songs to legitimate curators. So far, I have used YouGrow, Indie Music Academy, and Partnered Projects. There's dangers in using services like those too. In case you do decide to go this route YouGrow will 100% get you fast streams, but as someone mentioned, it was mostly Latin American streams, which probably fucked up my algorithm. You live and you learn right? Indie Music Academy probably gave me the best results. I got on a great playlist, got some really good streams, got added to some other playlists from just being on that one, someone actually reached out to me on IG after finding me on this playlist, and I still get some streams on that song from people who found me on this playlist (not a lot but still more than any of my other songs). Couple of things about them though, they were only able to find placement for 1 of the 3 songs I submitted to them(refunds are guaranteed if they can't place you). And, it takes them fucking FOREVER to place you. Like, it took me weeks before they placed my 1 song, and then like a month or two before they told me they couldn't place me for the other 2. That's a LONG time. I didn't realize how long and thought this was normal until I tried Partnered Projects. After Indie Music Academy kept being unable to place me, I tried Partnered Projects. They have somewhat of a co-sign from Andrew Southworth, so I figured they were probably legit. It only took them a few days to place me, and they were probably the best at actually placing me on RELEVANT playlists. The promotion I started with them is currently still running, so I am not sure how good the long term effects will be but I am happy enough with the results I want to use them again. In fact, probably going to use them for the song I just released AND the one after that. They also don't guarantee you placement, so they don't charge you until they have secured you a placement. Anyway, paying for playlisting in anyway isn't a great idea (saying this as someone who does it) since as I mentioned it can fuck up your Spotify algo if you end up on the wrong playlists and also the long term benefits are questionable. While I got on some personal and smaller playlists from being on these paid playlists, I didn't gain any followers from it. So, lots of short term listeners, a few long term listeners of those particular songs, but no actual fans. Only reason I still use this method is because this is the only method where I have seen SOME positive gains. I am currently promoting my new song harder than I have promoted ANY song ever (haven't paid to have it pitched for playlisting yet) by using ads on IG while also posting regularly on TikTok and YouTube. So far, the results have been abysmal (it's only been a week so far), so yeah...I can only do what I can until I start performing live, which will hopefully be the push I need to actually start gaining a following. I know you didn't ask any of this lol, but hopefully some of this can help you or someone else!","i haven't used playlistpush.  i tried submithub but only ever got rejected. i got tired of tracking down curators, listening to their playlists for like 30 minutes to make sure it was a good fit, writing a pitch to submit, and then still ultimately getting rejected so i decided i would just pay people to push my songs for me. no, i'm not talking about paying people to place me on a playlist (that's probably botted), but paying to have 3rd parties push my songs to legitimate curators. so far, i have used yougrow, indie music academy, and partnered projects. there's dangers in using services like those too. in case you do decide to go this route yougrow will 100% get you fast streams, but as someone mentioned, it was mostly latin american streams, which probably fucked up my algorithm. you live and you learn right? indie music academy probably gave me the best results. i got on a great playlist, got some really good streams, got added to some other playlists from just being on that one, someone actually reached out to me on ig after finding me on this playlist, and i still get some streams on that song from people who found me on this playlist (not a lot but still more than any of my other songs). couple of things about them though, they were only able to find placement for 1 of the 3 songs i submitted to them(refunds are guaranteed if they can't place you). and, it takes them fucking forever to place you. like, it took me weeks before they placed my 1 song, and then like a month or two before they told me they couldn't place me for the other 2. that's a long time. i didn't realize how long and thought this was normal until i tried partnered projects. after indie music academy kept being unable to place me, i tried partnered projects. they have somewhat of a co-sign from andrew southworth, so i figured they were probably legit. it only took them a few days to place me, and they were probably the best at actually placing me on relevant playlists. the promotion i started with them is currently still running, so i am not sure how good the long term effects will be but i am happy enough with the results i want to use them again. in fact, probably going to use them for the song i just released and the one after that. they also don't guarantee you placement, so they don't charge you until they have secured you a placement. anyway, paying for playlisting in anyway isn't a great idea (saying this as someone who does it) since as i mentioned it can fuck up your spotify algo if you end up on the wrong playlists and also the long term benefits are questionable. while i got on some personal and smaller playlists from being on these paid playlists, i didn't gain any followers from it. so, lots of short term listeners, a few long term listeners of those particular songs, but no actual fans. only reason i still use this method is because this is the only method where i have seen some positive gains. i am currently promoting my new song harder than i have promoted any song ever (haven't paid to have it pitched for playlisting yet) by using ads on ig while also posting regularly on tiktok and youtube. so far, the results have been abysmal (it's only been a week so far), so yeah...i can only do what i can until i start performing live, which will hopefully be the push i need to actually start gaining a following. i know you didn't ask any of this lol, but hopefully some of this can help you or someone else!",639
jwq9aek,1692370785.0,musicmarketing,purple__toad,"playlists yes. influencers, not sure. i only got on one playlist when i did indie music academy, but that one playlist was getting me around 1k streams a day because it was highly active/SEO optimized. i saw a small but steady increase in followers as well",1.0,1.0,/r/musicmarketing/comments/15ufzw9/5_k_for_marketing_what_would_you_do/jwq9aek/,"playlists yes. influencers, not sure. i only got on one playlist when i did indie music academy, but that one playlist was getting me around 1k streams a day because it was highly active/SEO optimized. i saw a small but steady increase in followers as well","playlists yes. influencers, not sure. i only got on one playlist when i did indie music academy, but that one playlist was getting me around 1k streams a day because it was highly active/seo optimized. i saw a small but steady increase in followers as well",46
j7y1jpy,1676006222.0,WeAreTheMusicMakers,Inevitable_Web_8384,have you used Indie Music academy? Curious about their promo packages,1.0,,/r/WeAreTheMusicMakers/comments/7itwz8/who_has_invested_in_spotify_promotion_to_get/j7y1jpy/,have you used Indie Music academy? Curious about their promo packages,have you used indie music academy? curious about their promo packages,11
j7my2jc,1675812294.0,WeAreTheMusicMakers,indiemusicacademy,"Hey u/slazengerx this is great general advice! Thank you for taking the time to help a fellow independent musician! 

I do want to point out that your response isn't representative of our promotion service at the Indie Music Academy. **We recently published a case study on how we identify bot activity and eliminate those playlists from our service entirely using our ""Legitimacy Checklist.""**

You can read the Case Study via the Google Doc below:

[**https://docs.google.com/document/d/19f7qxmCba4xHG3OGhgLVNKVZLcPH0Tg-HGQbcGSCrZo/edit?usp=sharing**](https://docs.google.com/document/d/19f7qxmCba4xHG3OGhgLVNKVZLcPH0Tg-HGQbcGSCrZo/edit?usp=sharing)",1.0,,/r/WeAreTheMusicMakers/comments/uuxqtx/music_promotion_services/j7my2jc/,"Hey u/slazengerx this is great general advice! Thank you for taking the time to help a fellow independent musician!  I do want to point out that your response isn't representative of our promotion service at the Indie Music Academy. **We recently published a case study on how we identify bot activity and eliminate those playlists from our service entirely using our ""Legitimacy Checklist.""** You can read the Case Study via the Google Doc below **","hey u/slazengerx this is great general advice! thank you for taking the time to help a fellow independent musician!  i do want to point out that your response isn't representative of our promotion service at the indie music academy. **we recently published a case study on how we identify bot activity and eliminate those playlists from our service entirely using our ""legitimacy checklist.""** you can read the case study via the google doc below **",75
kdb2rgl,1702552631.0,musicmarketing,DarthLordAltCoin,or try indiemusicacademy or musicvertising- if spotify and youtube growth are the goal,1.0,1.0,/r/musicmarketing/comments/18i5m3h/paid_ads/kdb2rgl/,or try indiemusicacademy or musicvertising- if spotify and youtube growth are the goal,or try indiemusicacademy or musicvertising- if spotify and youtube growth are the goal,13
jz3evl5,1693835284.0,MusicInTheMaking,net3reak,"Throw a few hundred at promo and get yourself on a decent playlist or two.  There are zillions of companies out there who can list you on loads of playlists, but the majority are low numbers or bots.  You need to get on a playlist with a good history, and legitimate listeners (which you can turn into fans) - but most of all, by featuring on legit playlists, you start to trigger all the correct algorithms which means you'll start showing up on auto playlists like suggested songs and similar artists playlists.  This means after the initial stint on a good playlist finishes, you're starting to get organic listeners.

&amp;#x200B;

I'd recommend submit hub if you're strapped for cash.  PlaylistPush if you want to get on more playlists.  But if you want quality playlists check out IndieMusicAcademy, they may only place you in a single playlist, but it's very high quality and they really do their research.",1.0,1.0,/r/MusicInTheMaking/comments/169exvf/were_a_new_band_releasing_our_debut_record_do_you/jz3evl5/,"Throw a few hundred at promo and get yourself on a decent playlist or two.  There are zillions of companies out there who can list you on loads of playlists, but the majority are low numbers or bots.  You need to get on a playlist with a good history, and legitimate listeners (which you can turn into fans) - but most of all, by featuring on legit playlists, you start to trigger all the correct algorithms which means you'll start showing up on auto playlists like suggested songs and similar artists playlists.  This means after the initial stint on a good playlist finishes, you're starting to get organic listeners. &x200B; I'd recommend submit hub if you're strapped for cash.  PlaylistPush if you want to get on more playlists.  But if you want quality playlists check out IndieMusicAcademy, they may only place you in a single playlist, but it's very high quality and they really do their research.","throw a few hundred at promo and get yourself on a decent playlist or two.  there are zillions of companies out there who can list you on loads of playlists, but the majority are low numbers or bots.  you need to get on a playlist with a good history, and legitimate listeners (which you can turn into fans) - but most of all, by featuring on legit playlists, you start to trigger all the correct algorithms which means you'll start showing up on auto playlists like suggested songs and similar artists playlists.  this means after the initial stint on a good playlist finishes, you're starting to get organic listeners. &x200b; i'd recommend submit hub if you're strapped for cash.  playlistpush if you want to get on more playlists.  but if you want quality playlists check out indiemusicacademy, they may only place you in a single playlist, but it's very high quality and they really do their research.",157
gucsgga,1618308593.0,musicmarketing,onomatopoetik,"by the way, i got an answer from indiemusicacademy, and they insist that the playlist is not bot driven..  they offered me to get on this playlist:

[https://open.spotify.com/playlist/0Ie5X3JS6BrLSWKrRm310H?si=4UceJJi\_T7ae3TryYFxBEw&amp;nd=1](https://open.spotify.com/playlist/0Ie5X3JS6BrLSWKrRm310H?si=4UceJJi_T7ae3TryYFxBEw&amp;nd=1)

in this one you can clearly see that there are famous ones in there and less known, but no fake artists. looks allright at first sight, but looking at the curator it seems strange, they are also claiming they are a record label, but clearly they are not. they have an instagram acount that also looks like they just did it to hide... like a money laundering pizza store from the mob:-)",1.0,,/r/musicmarketing/comments/mp9pjh/warning_strange_spotify_playlists_and_promotion/gucsgga/,"by the way, i got an answer from indiemusicacademy, and they insist that the playlist is not bot driven..  they offered me to get on this playlist  in this one you can clearly see that there are famous ones in there and less known, but no fake artists. looks allright at first sight, but looking at the curator it seems strange, they are also claiming they are a record label, but clearly they are not. they have an instagram acount that also looks like they just did it to hide... like a money laundering pizza store from the mob-)","by the way, i got an answer from indiemusicacademy, and they insist that the playlist is not bot driven..  they offered me to get on this playlist  in this one you can clearly see that there are famous ones in there and less known, but no fake artists. looks allright at first sight, but looking at the curator it seems strange, they are also claiming they are a record label, but clearly they are not. they have an instagram acount that also looks like they just did it to hide... like a money laundering pizza store from the mob-)",99
j69bf4h,1674928708.0,Songwriting,johncookmusic,"So you have a few different things - production is not songwriting. If you take a production course, that will teach you how to work in a DAW (software) and create great sounding recordings. A songwriting course is going to focus on the lyrics, melody and harmony (chords) of the song. It sounds like you want a bit of both. I wouldn't take a course that combines them. They're different specialties and it will help to have them taught by different teachers. 

I'm working through Indie Music Academy's course ""The Fine Art of Songwriting."" There's some good information in there, but I'm not far enough along to really judge it yet. 

Pat Pattinson on Coursera is great: [https://www.coursera.org/learn/songwriting-lyrics](https://www.coursera.org/learn/songwriting-lyrics)

As is the sister course about writing the lyrics: [https://www.coursera.org/learn/songwriting-writing-the-music](https://www.coursera.org/learn/songwriting-writing-the-music)

There are also production courses, although I haven't taken those. All the Coursera stuff can be taken for free if you don't want the certificate or graded assignments. I took them all for free on the basis no-one I've ever met gives a shit about a songwriting certificate. 

Pat Pattinson also has a great book called Writing the Lyrics that I have read - it's excellent with tons of great exercises. There's another book - Great Songwriting Techniques - by Jack Perricone that I've been reading. It delves a lot into melody and chord theory and looks at why certain combinations of melody and harmony have certain effects. 

Those are my recommendations. The best progress though, comes from writing more and writing with other people, which you can do for free. The second best progress comes from getting evaluations of your songs from people who are already writing the sort of songs you want to write. Some of those are paid, but the personalized feedback is well worth it. 

I hope that helps!",1.0,,/r/Songwriting/comments/10njiy8/best_school_course_for_songwriting/j69bf4h/,"So you have a few different things - production is not songwriting. If you take a production course, that will teach you how to work in a DAW (software) and create great sounding recordings. A songwriting course is going to focus on the lyrics, melody and harmony (chords) of the song. It sounds like you want a bit of both. I wouldn't take a course that combines them. They're different specialties and it will help to have them taught by different teachers.  I'm working through Indie Music Academy's course ""The Fine Art of Songwriting."" There's some good information in there, but I'm not far enough along to really judge it yet.  Pat Pattinson on Coursera is great  As is the sister course about writing the lyrics  There are also production courses, although I haven't taken those. All the Coursera stuff can be taken for free if you don't want the certificate or graded assignments. I took them all for free on the basis no-one I've ever met gives a shit about a songwriting certificate.  Pat Pattinson also has a great book called Writing the Lyrics that I have read - it's excellent with tons of great exercises. There's another book - Great Songwriting Techniques - by Jack Perricone that I've been reading. It delves a lot into melody and chord theory and looks at why certain combinations of melody and harmony have certain effects.  Those are my recommendations. The best progress though, comes from writing more and writing with other people, which you can do for free. The second best progress comes from getting evaluations of your songs from people who are already writing the sort of songs you want to write. Some of those are paid, but the personalized feedback is well worth it.  I hope that helps!","so you have a few different things - production is not songwriting. if you take a production course, that will teach you how to work in a daw (software) and create great sounding recordings. a songwriting course is going to focus on the lyrics, melody and harmony (chords) of the song. it sounds like you want a bit of both. i wouldn't take a course that combines them. they're different specialties and it will help to have them taught by different teachers.  i'm working through indie music academy's course ""the fine art of songwriting."" there's some good information in there, but i'm not far enough along to really judge it yet.  pat pattinson on coursera is great  as is the sister course about writing the lyrics  there are also production courses, although i haven't taken those. all the coursera stuff can be taken for free if you don't want the certificate or graded assignments. i took them all for free on the basis no-one i've ever met gives a shit about a songwriting certificate.  pat pattinson also has a great book called writing the lyrics that i have read - it's excellent with tons of great exercises. there's another book - great songwriting techniques - by jack perricone that i've been reading. it delves a lot into melody and chord theory and looks at why certain combinations of melody and harmony have certain effects.  those are my recommendations. the best progress though, comes from writing more and writing with other people, which you can do for free. the second best progress comes from getting evaluations of your songs from people who are already writing the sort of songs you want to write. some of those are paid, but the personalized feedback is well worth it.  i hope that helps!",299
izcrt7t,1670470759.0,WeAreTheMusicMakers,refotsirk,"Hello /u/MysticCherryBlossom! Unfortunately, your submission, ***[I Used Indie Music Academy for Spotify Promotion, And So Far...](https://www.reddit.com/r/WeAreTheMusicMakers/comments/zfik5h/i_used_indie_music_academy_for_spotify_promotion/)***, was removed from /r/WeAreTheMusicMakers for the following reason(s):

---

#Product Review

- This is not Yelp; posts reviewing (or asking for reviews of) other artists, products, or companies will be removed.  If you have been scammed or wronged by an artist, company, or organization, contact them or your lawyer directly. 


---

***Please review the [rules for submission](/r/WeAreTheMusicMakers/wiki/rules).  You can contact The Mods if you have additional questions.*",1.0,,/r/WeAreTheMusicMakers/comments/zfik5h/i_used_indie_music_academy_for_spotify_promotion/izcrt7t/,"Hello /u/MysticCherryBlossom! Unfortunately, your submission, ***I Used Indie Music Academy for Spotify Promotion, And So Far... -- Product Review  This is not Yelp; posts reviewing (or asking for reviews of) other artists, products, or companies will be removed.  If you have been scammed or wronged by an artist, company, or organization, contact them or your lawyer directly.  -- ***Please review the rules for submission.  You can contact The Mods if you have additional questions.*","hello /u/mysticcherryblossom! unfortunately, your submission, ***i used indie music academy for spotify promotion, and so far... -- product review  this is not yelp; posts reviewing (or asking for reviews of) other artists, products, or companies will be removed.  if you have been scammed or wronged by an artist, company, or organization, contact them or your lawyer directly.  -- ***please review the rules for submission.  you can contact the mods if you have additional questions.*",74
izc2g9l,1670459121.0,WeAreTheMusicMakers,MysticCherryBlossom,"No, I haven't.

I looked at it, but since Groover is similar to SubmiHub, I figured I'd try out Indie Music Academy 1st since they do all of the pitching for you and apparently have good numbers when it comes to actually retaining listeners and growing your Spotify.

But, not to say I won't try it in the future. Probably won't always have $300 to drop on a release, so a more affordable option is not something to ignore.",2.0,,/r/WeAreTheMusicMakers/comments/zfik5h/i_used_indie_music_academy_for_spotify_promotion/izc2g9l/,"No, I haven't. I looked at it, but since Groover is similar to SubmiHub, I figured I'd try out Indie Music Academy 1st since they do all of the pitching for you and apparently have good numbers when it comes to actually retaining listeners and growing your Spotify. But, not to say I won't try it in the future. Probably won't always have $300 to drop on a release, so a more affordable option is not something to ignore.","no, i haven't. i looked at it, but since groover is similar to submihub, i figured i'd try out indie music academy 1st since they do all of the pitching for you and apparently have good numbers when it comes to actually retaining listeners and growing your spotify. but, not to say i won't try it in the future. probably won't always have $300 to drop on a release, so a more affordable option is not something to ignore.",79
ixt4skb,1669433091.0,100gecs,flashmemories,"They signed a 360 deal so perhaps the label is more interested in touring as it will generally earn them more money as opposed of releasing music.   

[What Is a 360 Deal? â€”Indie Music Academy](https://www.indiemusicacademy.com/blog/360-music-deal)  
[360 deal - Wikipedia](https://en.wikipedia.org/wiki/360_deal)",20.0,,/r/100gecs/comments/z4idhm/waiting_for_10000_gecs_shortages_in_vinyl/ixt4skb/,They signed a 360 deal so perhaps the label is more interested in touring as it will generally earn them more money as opposed of releasing music.    What Is a 360 Deal? â€”Indie Music Academy(   360 deal - Wikipedia(,they signed a 360 deal so perhaps the label is more interested in touring as it will generally earn them more money as opposed of releasing music.    what is a 360 deal? â€”indie music academy(   360 deal - wikipedia(,39
ith06rt,1666541670.0,Destiny,Omni-Light,"I think just going back to that average 10-15% cut number for new artists, like say you get some new guy pushed to the point that they accept a 3% cut then this imbalanced power/information dynamic comes into play.

I just pulled that figure from indie music academy, but whether its accurate or not I think the point is if there's a 'standard cut' for new artists it can still be exploitative if the label is pushing hard to go as low as possible, as it's completely possible given what you mentioned about new artists.",1.0,,/r/Destiny/comments/yb2d17/the_dan_aba_debate_is_the_best_real_debate_on/ith06rt/,"I think just going back to that average 10-15% cut number for new artists, like say you get some new guy pushed to the point that they accept a 3% cut then this imbalanced power/information dynamic comes into play. I just pulled that figure from indie music academy, but whether its accurate or not I think the point is if there's a 'standard cut' for new artists it can still be exploitative if the label is pushing hard to go as low as possible, as it's completely possible given what you mentioned about new artists.","i think just going back to that average 10-15% cut number for new artists, like say you get some new guy pushed to the point that they accept a 3% cut then this imbalanced power/information dynamic comes into play. i just pulled that figure from indie music academy, but whether its accurate or not i think the point is if there's a 'standard cut' for new artists it can still be exploitative if the label is pushing hard to go as low as possible, as it's completely possible given what you mentioned about new artists.",95
ita55si,1666402819.0,audioengineering,missedswing,"You can do a lot of this yourself. The key is getting some template contracts and taking time to understand what they mean. If you supply the contracts it's pretty straightforward. This is assuming you have  a good understanding of rights and types of rights, payments, and publishing. Indie Music Academy  channel on YT covers a lot of this.

Now if it's a big money deal and you're asked to sign a contract you don't understand then it'd def time to get an attorney or biz manager involved.",1.0,,/r/audioengineering/comments/ya38pa/licensing_audio_without_lawyers/ita55si/,"You can do a lot of this yourself. The key is getting some template contracts and taking time to understand what they mean. If you supply the contracts it's pretty straightforward. This is assuming you have  a good understanding of rights and types of rights, payments, and publishing. Indie Music Academy  channel on YT covers a lot of this. Now if it's a big money deal and you're asked to sign a contract you don't understand then it'd def time to get an attorney or biz manager involved.","you can do a lot of this yourself. the key is getting some template contracts and taking time to understand what they mean. if you supply the contracts it's pretty straightforward. this is assuming you have  a good understanding of rights and types of rights, payments, and publishing. indie music academy  channel on yt covers a lot of this. now if it's a big money deal and you're asked to sign a contract you don't understand then it'd def time to get an attorney or biz manager involved.",88
ild7t5v,1661199511.0,WeAreTheMusicMakers,stxrmmkr,"Quick question? Is the offering a guarantee in a range something to look out for? Iâ€™ve been looking at Indie Music Academy and they offer a range of 20,000-30,000 at like $600(i could be off about the numbers just going off top). Or a specific number? Such as X Company guarantees me 34,000 streams.",1.0,,/r/WeAreTheMusicMakers/comments/uuxqtx/music_promotion_services/ild7t5v/,"Quick question? Is the offering a guarantee in a range something to look out for? Iâ€™ve been looking at Indie Music Academy and they offer a range of 20,000-30,000 at like $600(i could be off about the numbers just going off top). Or a specific number? Such as X Company guarantees me 34,000 streams.","quick question? is the offering a guarantee in a range something to look out for? iâ€™ve been looking at indie music academy and they offer a range of 20,000-30,000 at like $600(i could be off about the numbers just going off top). or a specific number? such as x company guarantees me 34,000 streams.",54
i9jdo9g,1653202569.0,WeAreTheMusicMakers,sir_sandwiches_a_lot,"Wow thats horrible, and not the first time Iâ€™ve heard of them doing this. Musician and YouTuber Ryan Waczek (Indie Music Academy) had this exact thing happen to him and he made a video about it here: https://youtu.be/eYUknhwd1Y8",1.0,,/r/WeAreTheMusicMakers/comments/uv4oyx/distrokid_removed_all_my_songs_and_banned_my/i9jdo9g/,"Wow thats horrible, and not the first time Iâ€™ve heard of them doing this. Musician and YouTuber Ryan Waczek (Indie Music Academy) had this exact thing happen to him and he made a video about it here ","wow thats horrible, and not the first time iâ€™ve heard of them doing this. musician and youtuber ryan waczek (indie music academy) had this exact thing happen to him and he made a video about it here ",37
i2fgm4f,1648469992.0,spotify,lisakent17,"While all Spotify promotion services are not quite worth your time and consideration, a few of them rise above the rest. I personally vouch for these five services â€“ Iâ€™ve used them, plus they all have some combination of stellar reviews, proven results, and streamlined user experiences:  
  
Indie Music Academy  
Playlist  pumper  
YouGrow  
Omari MC   
Playlist Promotion  
(Youâ€™ll see some overlap here with the general [**music promotion services**](https://playlistpumppr.agency/services/) I recommend.)",1.0,,/r/spotify/comments/jzsk1e/has_anyone_tried_playlist_booker_for_spotify/i2fgm4f/,"While all Spotify promotion services are not quite worth your time and consideration, a few of them rise above the rest. I personally vouch for these five services â€“ Iâ€™ve used them, plus they all have some combination of stellar reviews, proven results, and streamlined user experiences      Indie Music Academy   Playlist  pumper   YouGrow   Omari MC    Playlist Promotion   (Youâ€™ll see some overlap here with the general **music promotion services**","while all spotify promotion services are not quite worth your time and consideration, a few of them rise above the rest. i personally vouch for these five services â€“ iâ€™ve used them, plus they all have some combination of stellar reviews, proven results, and streamlined user experiences      indie music academy   playlist  pumper   yougrow   omari mc    playlist promotion   (youâ€™ll see some overlap here with the general **music promotion services**",68
hg8qnbi,1633968400.0,WeAreTheMusicMakers,kopkaas2000,"Hello /u/selingokova! Unfortunately, your submission, ***[Any experiences with Indie Music Academyâ€™s Spotify promotion service?](https://www.reddit.com/r/WeAreTheMusicMakers/comments/q5z64r/-/)***, was removed from /r/WeAreTheMusicMakers for breaking one or more of our rule(s):

---

#*Specific Company Questions*

- Posts on this subreddit are about the active process of making music only. We do not offer support for any company or service including music distributors (e.g. Distrokid, TuneCore, CDBaby) or performing rights organizations (e.g. ASCAP, BMI). Posts/comments with specific questions about your music distributor or performing rights organization should be answered directly by your distributor or PRO. Please check their FAQ and Terms of Service, or reach out to their support staff. [Click here for more information.](https://www.reddit.com/r/WeAreTheMusicMakers/wiki/rules#wiki_do_your_googles.)



---

***Please review the [rules for submission](/r/WeAreTheMusicMakers/wiki/rules), or [click here for a list of reasons why your post may have been removed](https://www.reddit.com/r/WeAreTheMusicMakers/wiki/rules#wiki_what_did_i_do.3F).***

*[Contact The Mods](https://www.reddit.com/message/compose?to=/r/WeAreTheMusicMakers&amp;subject=why%20was%20my%20post%20removed&amp;message=I%20would%20like%20to%20know%20why%20my%20post%20was%20removed%0A%0AUrl:%20https://old.reddit.com/r/WeAreTheMusicMakers/comments/q5z64r/any_experiences_with_indie_music_academys_spotify/%20%0A%20%0A) if you think this was removed in error.*",1.0,,/r/WeAreTheMusicMakers/comments/q5z64r/any_experiences_with_indie_music_academys_spotify/hg8qnbi/,"Hello /u/selingokova! Unfortunately, your submission, ***Any experiences with Indie Music Academyâ€™s Spotify promotion service? --  *Specific Company Questions*  Posts on this subreddit are about the active process of making music only. We do not offer support for any company or service including music distributors (e.g. Distrokid, TuneCore, CDBaby) or performing rights organizations (e.g. ASCAP, BMI). Posts/comments with specific questions about your music distributor or performing rights organization should be answered directly by your distributor or PRO. Please check their FAQ and Terms of Service, or reach out to their support staff. Click here for more information., or click here for a list of reasons why your post may have been removed(  *Contact The Mods( if you think this was removed in error.*","hello /u/selingokova! unfortunately, your submission, ***any experiences with indie music academyâ€™s spotify promotion service? --  *specific company questions*  posts on this subreddit are about the active process of making music only. we do not offer support for any company or service including music distributors (e.g. distrokid, tunecore, cdbaby) or performing rights organizations (e.g. ascap, bmi). posts/comments with specific questions about your music distributor or performing rights organization should be answered directly by your distributor or pro. please check their faq and terms of service, or reach out to their support staff. click here for more information., or click here for a list of reasons why your post may have been removed(  *contact the mods( if you think this was removed in error.*",122
g4kmrpz,1599677269.0,musicproduction,callthedoqtr,"Hell yea. Iâ€™m on my phone, so Iâ€™m not gonna post direct links. But check out:
Omari MC on YouTube regarding marketing 
Indie music academy on YouTube lots of industry insight and techniques in networking
Live Producers Online podcast - really amazing guests doing innovative things in the industry, lots of value there even if you donâ€™t use Ableton.",2.0,,/r/musicproduction/comments/ipgtgc/shifted_my_focus_from_i_need_to_make_it_this_is/g4kmrpz/,"Hell yea. Iâ€™m on my phone, so Iâ€™m not gonna post direct links. But check out Omari MC on YouTube regarding marketing  Indie music academy on YouTube lots of industry insight and techniques in networking Live Producers Online podcast - really amazing guests doing innovative things in the industry, lots of value there even if you donâ€™t use Ableton.","hell yea. iâ€™m on my phone, so iâ€™m not gonna post direct links. but check out omari mc on youtube regarding marketing  indie music academy on youtube lots of industry insight and techniques in networking live producers online podcast - really amazing guests doing innovative things in the industry, lots of value there even if you donâ€™t use ableton.",59
fkrbk0k,1584465602.0,WeAreTheMusicMakers,indiemusicacademy,"Hey! Indie Music Academy founder here,

There are a ton of places you should upload/register your song no matter *where* you release it. A shortlist would be:

* [BMI](https://youtu.be/Bvum75E14Jk) or [ASCAP](https://youtu.be/Bvum75E14Jk)
* SoundExchange
* SongTrust (or CD Baby Pro)
* US Copyright Office

You can even upload to more places like [Allmusic.com](https://Allmusic.com) to get your song properly credited in music databases.

I also agree with the others that using a distributor like Distrokid or CD Baby would be a good move.

Here is a YouTube video explaining everything I mentioned above in regards to where you need to register your song:

[https://youtu.be/m0w9VjDgsQ0](https://youtu.be/m0w9VjDgsQ0)

Hope this helps!",1.0,,/r/WeAreTheMusicMakers/comments/fk7wgi/just_uploaded_my_first_song_but_what_now/fkrbk0k/,"Hey! Indie Music Academy founder here, There are a ton of places you should upload/register your song no matter *where* you release it. A shortlist would be * BMI * US Copyright Office You can even upload to more places like Allmusic.com( to get your song properly credited in music databases. I also agree with the others that using a distributor like Distrokid or CD Baby would be a good move. Here is a YouTube video explaining everything I mentioned above in regards to where you need to register your song  Hope this helps!","hey! indie music academy founder here, there are a ton of places you should upload/register your song no matter *where* you release it. a shortlist would be * bmi * us copyright office you can even upload to more places like allmusic.com( to get your song properly credited in music databases. i also agree with the others that using a distributor like distrokid or cd baby would be a good move. here is a youtube video explaining everything i mentioned above in regards to where you need to register your song  hope this helps!",94
