,Name,Address/Phone,Email,Web,Contact,Clients,Credits,Services,Format,Basic Rates,Specialization,Additional location,Masterclass,Note
1,BATES BROTHERS RECORDING," 3427 Davey Allison Blvd., Ste. 101  Hueytown, AL 35023  205-491-4066  ",bbrbates@yahoo.com ,batesbrothersrecording.com ,Eric Bates ,,,,,please see web for info,,,,
2,SOUND OF BIRMINGHAM," 3625 5th Ave. S.  Birmingham, AL 35222  205-595-8497  ",don@soundofbirmingham.com ,soundofbirmingham.com ,,,,,,,,,,"35 years + exp., please call for info"
3,1ST CHOICE MASTERING," 650 N. 157th Drive  Goodyear, AZ  85338  623-234-1787  ",info@billkeis.com ,billkeis.com/producer ,,,,see web for info,,,,,,
4,ALLUSION STUDIOS," 248 W. Elm St.  Tucson, AZ 85705  520-622-3895  ",contact@allusionstudios.com ,allusionstudios.com ,,,,,,please call for info,,,,
5,M L E  STUDIOS," PO Box 27017  Prescott Valley, AZ 86312  866-246-8846  ",mail@majorlabelmusic.com ,"majorlabelmusic.com, facebook.com/mlestudios  ",Col. Darryl Harrelson ,,,,,"$45.00/hr or flat rate per song/ album small independent multi-room studio  specializing in country, Americana and alt  country genres. ",,,,
6,THE SALTMINE STUDIO OASIS," ARIZONIA MASTERING  48 S. Macdonald St.  Mesa, AZ 85210  480-220-4007  ",don@thesaltmine.com ,thesaltmine.com. ArizonaMastering.com ,Don Salter ,,,,,call for a custom quote.,,,,
7,VAULT MASTERING STUDIOS," Phoenix, AZ  877-297-5940  ",nathan@vaultmastering.com ,vaultmastering.com facebook.com/vault.mastering  ,Nathan James ,"Twenty One Pilots,Har- rison Fjord, Gretchen Parlato,Charlie Hunter,  Cyrus Chestnut, Takuya Kuroda, Nate Smith,  John Zorn, Sting, Staind, Aretha Franklin, Joey  DeFrancesco, This or the Apocalypse,The  Fray,Civil Twilight, Sister Sparrow, Boston  Symphony Orchestra, etc. ",,,,,,,,
8,RANEY RECORDING STUDIO," P.O. Box 17  110 S. Front St.  Drasco, AR 72530-9282  870-668-3222  ",jonr@raneyrecordingstudio.com ,raneyrecordingstudio.com ,Jon Raney ,,,,,please call for info,,,,
9,21ST CENTURY AUDIO," North Hollywood, CA  323-356-1177  ",peter@21stCenturyAudio.com ,21stCenturyAudio.com ,Peter Doell ,,,,,rates upon request,,,,
10,25TH ST RECORDING," Oakland, CA  510-788-4089  ",info@25thstreetrecording.com ,25thstreetrecording.com ,,,,,,"$80 per Song, $600 8-12 Song Album, $800 8-12 Song Album ",,,,
11,AAA CAZADOR RECORDING," OF HOLLYWOOD  West Hollywood, CA  323-655-0615  ",jimmy@jimmyhunter.com ,jimmyhunter.com ,,,,,,negotiable/call and we can discuss,,,,
12,AB AUDIO VISUAL," 3703 Albury Ave.  Long Beach, CA 90808  877-ABAUDIO (222-8346),  562-429-1042  ",,abaudio.com ,"President, Arlan Boll ",,,,,work with all budgets,,,,
13,ABET MEDIA," 411 E. Huntington Dr., Ste. 107-372  Arcadia, CA 91006  626-303-4114  ",info@AbetMedia.com ,AbetMedia.com ,Aeron K. Nersoya,,,,,,,,,
14,AUDIO MECHANICS," 1200 W. Magnolia Blvd.  Burbank, CA 91506  818-846-5525  ",,audiomechanics.com ,,,,,,please call for info,,,,
15,AUDIOVISTA," Los Altos, CA  650-428-1854  ",info@audiovista.com ,Audiovista.com ,Jim LaForest,,,,,,,,,
16,ARDENT AUDIO PRODUCTIONS," 22122 S. Vermont Ave., Unit E  Torrance, CA 90502  310-782-0125  ",rwenzelaap@aol.com ,ardentaudioproductions.com,,,,,,,,,,
17,BAKERY MASTERING STUDIO," c/o Sony Pictures, Thalberg E  10202 W. Washington Blvd.  Culver City, CA 90232  310-736-6661  ",booking@thebakeryla.com ,thebakery.la,,,,,,,,,,
18,BEN BERNSTEIN MUSIC," Oakland, CA  ",info@benbernsteinmusic.com ,benbernsteinmusic.com ,Ben Bernstein ,,,,,$50/Song,,,,
19,BERNIE BECKER MASTERING, 626-782-5703  ,hello@beckermastering.com ,beckermastering.com ,,,,,,Please email for information,,,,
20,BERNIE GRUNDMAN MASTERING," 1640 N. Gower St.  Hollywood, CA 90028  323-465-6264  Email : jack@bgmastering.com  ",,berniegrundmanmastering.com ,"Bernie Grundman, Mike Bozzi, Chris Bellman, Patricia Sullivan, Scott Sedillo  ",,,,,please call for info,,,,
21,BIG CITY RECORDING STUDIOS," 17021 Chatsworth St.  Granada Hills, CA 91344  818-366-0995  ",paul@bigcityrecording.com ,bigcityrecording.com ,Paul Tavenner ,,,,,please call or see web,,,,
22,BIG SURPRISE MUSIC," Encino, CA 91436  818-613-3984  ",info@carmengrillo.com ,bigsurprisemusic.com ,Carmen Grillo ,,,,,call for rates,,,,
23,CHARLES LAURENCE PRODUCTIONS," Northridge, CA  818-368-4962  ",clpstudio1@gmail.com ,clpstudios.com ,Charles Laurence ,,,,,call for info,,,,
24,CLEAR LAKE AUDIO," 10520 Burbank Blvd.  North Hollywood, CA 91601  818-762-0707  ",contact@clearlakerecording.com ,clearlakerecordingstudios.com ,,,,,,please call for info,,,,
25,COAST MASTERING," 1140 The Alameda  Berkeley, CA 94707  510-984-0554  ",mastering@coastmastering.com ,coastmastering.com ,,,,,,please call for info,,,,
26,DBU RANCH RECORDING," 15448 Sierra Grande Rd.  Valley Center, CA. 92082  310-413-0845  ",duskb@yahoo.com ,dburanchrecorders.com,,,,,,,,,,
27,DENOISE.COM," 1050 Murray St.  Berkeley, CA 94710  510-653-3838  ",sales@denoise.com ,denoise.com ,Albert Benichou ,,,,,please call for info,,,,
28,DIAMOND DREAMS MUSIC," PRODUCTIONS  North O.C., Carbon Canyon 91709  909-393-6120  ",diamonddreamsmusic@yahoo.com ,diamonddreamsmusic.com ,Raphael De Giorgeo ,,,,,"please call for info, varies from project to project ",,,,
29,DINO M 4 RECORDING/," MASTERING STUDIO  Torrance, CA  (10 minutes South of LAX)  424-800-1394310-782-1440  ",dinom4@aol.com ,facebook.com/DinoM4RECORDING ,Dino Maddalone,,,,,,,,,
30,DNA MASTERING," 19528 Ventura Blvd., Ste. 315  Tarzana, CA 91356  818-992-4034  ",info@DNAmastering.com ,dnamastering.com ,"David Donnelly, Perry Cunningham  ",,,,,special rate for Indie and unsigned artists ,,,,
31,ELYSIAN MASTERS," Audio Mastering; Lacquer Cutting  2797 E Foothill Blvd. #120  Pasadena, CA. 91107  323-839-6283  Email :  info@elysianmasters.comn  Web : elysianmasters.com,  IG: @elysianmasters ",,,,,,,,,,,,
32,EZEE STUDIOS," 21550 Oxnard St., Ste. 990  Woodland Hills, CA 91367  818-444-4744  ",James@ezeestudios.com ,ezeestudios.com ,James Winner,,,,,please see web or call ,," 75 Rockefeller Plaza  New York, NY 10019  212-275-2160  ",,
33,GOLDEN MASTERING," 1721 E. Main St.  Ventura, CA 93001  805-648-4646  ",diane@goldenmastering.com ,goldenmastering.com ,April Golden ,,,,digital and analog ,please call for info,,,,
34,GROOVEWORKS," 5536 Atlantic Ave.  Long Beach, CA 90805  310-403-5104  ",info@grooveworksstudios.com ,grooveworksstudios.com ,studio manager ,,,,,please call for info,,,,
35,HANS DEKLINE MASTERING," Los Angeles, CA  310-621-1896  ",hdekline@gmail.com ,hansdeklinemastering.com ,Hans DeKline ,,,,,call or check our website,,,,
36,HOWIE WEINBERG MASTERING STUDIO," 8331 Lookout Mountain Ave.  Los Angeles, CA 90046  323-524-8776, 323-498-0305  ",howie@howieweinbergmastering.com ,howieweinbergmastering.com ,,,,,,rates upon request,,,,
37,HYDE ST. STUDIOS," 245 Hyde St.  San Francisco, CA 94102  415-441-8934  ",info@hydestreet.com ,hydestreet.com ,,,,,,please call or see web,,,,
38,IMPERIAL MEDIA SERVICES," 3202 Pennsylvania Ave.  Santa Monica, CA 90404  310-396-2008  ",sales@imperialmedia.com ,imperialmedia.com ,,,,"Retail ready CD, DVD and Blu-ray packages ship within 24-48 Hour ",,,,,,
39,JOE GASTWIRT MASTERING," 4750 Rhapsody Dr.  Oak Park, CA 91377  310-444-9904  ",joe@gastwirtmastering.com ,gastwirtmastering.com ,Joe Gastwirt ,,,,,please see web or call,,,,
40,KEN LEE MASTERING," 3060 El Cerrito Plaza No. 542  El Cerrito, CA  510-428-9276  ",kenleemastering@me.com ,facebook.com/kenleemastering.studio ,,,,,,please email,,,,
41,KINGSIZE SOUNDLABS," Los Angeles, CA  323-533-0022  ",ronna@kingsizesoundlabs.com ,kingsizesoundlabs.com ,,,,,,call for more info,,,,
42,LURSSEN MASTERING," 4109 W Burbank Blvd.  Burbank,CA 91505  323-924-7193  ",Jamie@lurssenmastering.com ,lurssenmastering.com ,"Jamie Fratta Peters, Engineer",,,,,,,,,
43,MAGIC GARDEN MASTERING," Los Angeles, CA  614-620-4567  ",brian@magicgardenmastering.com ,magicgardenmastering.com ,Brian Lucey,,,,,,,,,
44,MAMBO SOUND & RECORDING," 2200 W. Esther  Long Beach, CA 90813  562-432-9676  ",steve@mambosound.net ,mambosoundandrecording.com ,Steve McNeil ,,,,,please call for info,,,,
45,MAOR APPELBAUM MASTERING," Sounds With Impact  Woodland Hills, CA  818-564-9276  ",mappelbaum@gmail.com ,maorappelbaum.com ,Maor Appelbaum ,"Faith No More,Yes, Meatloaf, Dream Theater, The Kooks, Matisyahu, Lupe Fiasco,  Eric Gales, Daneil Powter, Walter Trout, Gilby  Clarke, Abbath Ill Nino, Josh Levi, Starset,  Sepultura, Rob Halford,Yngwie Malmsteen,  Lita Ford, Fates Warning, William Shatner,  Dokken,Pepper, Treponem Pal, Annihilator,  Lee Aaron, Robin Beck, Sabaton, Candlemass,  HorrorPops, Green Carnation, Nekromantix,  Hillbilly Herald, Treponem Pal, Billy Sherwood,  Adrenaline Mob ",,,,,,,,
46,MARC DESISTO / MIX LA STUDIO D," Recording Engineer, Mixing & Mastering  Grammy Nominated for Melissa Etheridge  Los Angeles, CA  818-259-4235  ",marcdesistoaudio@gmail.com ,marcdesistoaudio.com ,,"Dwight Yoakam, Will Hoge, Tommy Emmanuel, Melissa Etheridge, U2, Chris  Isaak, King Leg, Michelle Branch ",,,,,,,,
47,MARCUSSEN MASTERING," Hollywood, CA 90028  323-463-5300  ",ofice@marcussenmastering.com ,marcussenmastering.com/index2.html ,,,,,,please call for info,,,,
48,MARSH MASTERING," Los Angeles, CA  310-598-6038 Fax 310-598-5685  ",marsh@marshmastering.com ,marshmastering.com ,Stephen or Fernando ,,,,,"flat rates for unattended sessions, hourly rates for attended sessions ",,,,
49,MASTER GROOVE STUDIOS," Northridge, CA  Nashville, TN  818-830-3822, 615-562-5329  ",info@mastergroovestudios.com ,"mastergroovestudios.com, facebook.com/ Mastergroovestudios  ",Dave Morse,,,,,,,,,
50,MAURICE GAINEN PRODUCTIONS," 4470 Sunset Blvd., Ste. 177  Hollywood, CA 90027  323-662-3642 Studio  323-376-2834 Cell  ",info@mauricegainen.com ,mauricegainen.com ,,,"Starbucks (185 compilations), Disney, EMI, UNI, Warner, Sony, Rafael Moreira, Alex  Skolnick, Andy McKee, The Hues Corp (Rock  The Boat), Mighty Mo Rodgers, Orchestre Sur-  real, Angel Town Combo, TriTone Asylum, Little  Willie G, Spoon, Rita Coolidge. ",,,please call for info ,,,,
51,MELROSE MASTERING," 1041 No. Formosa Ave. West  West Hollywood, CA. 90046  818-216-5409  ",melroserecordingsstudios@gmail.com ,Melrosemusicstudios.com ,,,,,,please call for info ,," 121 S. Palm Canyon Drive  Palm Springs, CA. 92262 ",,
52,NEATO MASTERING," 313-580-6660  Nashville, TN.  ",Colby@neatomastering.com Colby Gustafson  ,neatomastering.com ,,,,,,please call for info,,,,
53,THE OC RECORDING COMPANY," 3100 W. Warner Ave., Ste. 7  Santa Ana, CA 92704  323-244-9794  ",info@ocrecording.com ,ocrecording.com ,Asaf Fulks ,,"Universal Pictures, Disney, ESPN, LA Clippers, Casio, Kendrick Lamar, Platinum &  Grammy Artists  ",,"Pro Tools HD 11, Neve 1073, Sony C-800G, Neumann, Aurora, Avalon, Lynx, Dangerous,  Focal, SSL ",,,,,
54,OASIS MASTERING," 4109 W. Burbank Blvd.  Burbank, CA 91505  818-567-0500  ",jack@oasismastering.com ,oasismastering.com ,,,,,,please call for info,,,,
55,PEN STATION STUDIOS," Mixing and Mastering Services  Santa Monica, CA 90404  424-238-8800  ",info@penstation.la ,penstation.la ,,,"Babyface Ray, Est Gee, Lil Poppa, Stunna 4 Vegas, Yo Gotti, Black Label Society,  Lebra Jolie, Rob49 ",,,"$150 per hour unattended, $250 per hour attended.  ",,,,
56,PHUTURETRAX," Redondo Beach, CA  323-523-7499  ",don@phuturetrax.com ,phuturetrax.com ,Don Corrieri,,,,,,,,,
57,PRAIRIE SUN," Box 7084, Cotati, CA 94931  707-795-7011  ",info@prairiesun.com ,prairiesun.com ,studio manager ,,,,,please call for info,,,,
58,PRODUCTION COMPANY," RECORDING, MASTERING & REHEARSAL ",,,,,,,,,,,,
59,"STUDIO, THE"," 673 Valley Dr.  Hermosa Beach, CA 90254  310-379-6477  ",rockzionrecords@rockzion.com ,rockzion.com/productionco.html     ,,,,,,$60 per hour Digital Recording / $75 an hour Analog Mastering ,,,,
60,PRIVATE ISLAND TRAX," 1882 S. Cochran Ave.  Los Angeles, CA 90019  323-856-8729  ",info@privateislandtrax.com ,privateislandtrax.com ,,,,,,please   call for rates,,,,
61,PROFESSIONAL MUSICIANS," LOCAL 47  3220 Winona Ave.  Burbank, CA 91504  323-462-2161  ",,promusic47.org ,Amie Moore ,,,,,please call for info,,,,
62,PYRAM-AXIS DIGITAL," Redondo Beach, CA  310-869-8650  ",music@pyramaxis.com ,pyramaxis.com ,Jim D. ,,,"Virtual Mastering, Streaming Media, Distribution  ",,Please call or email for info,,,,
63,RESOLUTION MASTERING," Sherman Oaks, CA  818-481-7064  ",info@resolutionmastering.com ,resolutionmastering.com ,Ron Boustead ,,,,,,,,,
64,RPD STUDIOS," 1842 Burleson Ave.  Thousand Oaks, CA 91360  805-496-2585  ",rpdstudios@roadrunner.com ,rpdsound.com ,Randy ,,,,,please call for info,,,,
65,SILENT ZOO STUDIOS," Glendale, CA  818-484-5222  ",contact@silentzoostudios.com ,silentzoostudios.com ,,,,,,Email/Call for rates,,,,
66,SONIC VISION MASTERING & AUDIO, PRODUCTION SERVICES  818-269-7087  ,Mike@sonicvisionmastering.com ,sonicvisionmastering.com ,Mike Milchner ,,,,,please call/check website for info,,,,
67,SONORA RECORDERS, 213-841-0712  ,richardbarronmusic@gmail.com ,sonorarecorders.com ,Richard ,,,,"mixing, mastering & production",please call for information. ,,,,
68,SOUND AFFAIR," 2727 S. Croddy Way, Unit G  Santa Ana, CA 92704  800-570-6656  ",ron@soundafairltd.com ,SoundAfairMastering.com ,Ron or Andree ,,,,,please see web for info,,,,
69,STUDIO CITY SOUND," 4412 Whitsett Ave.  Studio City, CA 91604  818-505-9368  ",booking@studiocitysound.com ,studiocitysound.com ,studio manager ,,,,,please call for info,,,,
70,THETA SOUND STUDIO," 1309 W Riverside Dr.  Burbank, CA 91506  818-955-5888  ",randy@thetasound.com ,thetasound.com ,Randy or Cyndie Tobin ,,,,,please call for info,,,,
71,TIME ART STUDIO," Studio City, CA  818-980-2840  ",darlene@darlenekoldenhoven.com ,darlenekoldenhoven.com/timeart ,Darlene ,,,,,please call for info,,,,
72,TOMCAT ON THE PROWL PRODUCTIONS," Canoga Park, CA 91304  818-943-6059  ",studio@tomcatontheprowl.com ,tomcatontheprowl.com ,Thomas Hornig ,,,,,visit website for more info,,,,
73,VENETO WEST MASTERING," PO Box 6363  Pine Mountain Club, CA 93222  310-200-9010  ",rcm@venetowest.com ,venetowest.com/mastering ,Ronan Chris Murphy ,,,,,Please contact for rates,,,,
74,WESTLAKE RECORDING," 7265 Santa Monica Blvd.  West Hollywood, CA 90046  323-851-9800  ",bookings@thelakestudios.com ,thelakestudios.com ,,,,,,please call for info,,,,
75,WOODRUM PRODUCTIONS," Burbank, CA  818-848-3393  ",michael@woodrumproductions.com ,woodrumproductions.com ,Michael Woodrum ,,,,,please call for info,,,,
76,ZENMASTERING," P.O. Box 231097  Encinitas, CA 92023  858-231-1541  ",,zenmastering.com ,Paul Abbott,,,,,,,,,
77,1116 STUDIOS LLC," 1753 S 8th St  Colorado Springs, CO 80905  419-704-8253  ",MisterG@1116Studios.com ,"1116Studios.com, Facebook ","John Mister G, Ofice Manager ",,,,,$60/track for mastering; $200/ track for mixing; $45/hr. for tracking ,,,,
78,AIRSHOW MASTERING," Boulder, CO 80301  P.O. Box 17632  303-247-9035  ",Studio@airshowmastering.com ,airshowmastering.com ,,,,,,please call for info,,,,
79,AUDIO PARK RECORDING," & MASTERING  11919 I70 Frontage Rd. N.  Wheat Ridge, CO  303-456-6122  ",audioparkrecording@gmail.com ,facebook.com/AudioParkRecordingStudio ,,,,,,please call for info,,,,
80,COLORADO SOUND STUDIOS," 3100 W. 71st Ave.  Westminster, CO 80030  303-430-8811  ",,coloradosound.com ,,,,,,please call or see website,,,,
81,QUAM AUDIO PRODUCTIONS," Boulder, CO  720-644-9899  ",info@quamaudio.com ,quamaudio.com ,Michael Quam ,,,,,please call for info,,,,
82,SAGE SOUND STUDIOS," 549 Howe Avenue, Suite 404  Shelton, CT. 06484  203-922-0491  ",info@sagesoundstudios.com,sagesoundstudios.com ,,,,,,,,,,
83,JAMLAND STUDIO," 2326 Empire Dr.  Wilmington, DE 19810  302-475-0204  ",music@jamlandstudio.com ,jamlandstudio.com,,,,,,,,,,
84,OCCUPY STUDIO," 170 East Main Street  Newark, DE 19711  302-223-4441  ",record@occupystudio.com ,occupystudio.com,,,,,,,,,,
85,LISTEN VISION LLC," 2622 Georgia Ave. NW  Washington, D.C. 20001  202-332-8494  ",info@listenvision.com ,listenvision.com ,,,,,,please call for info,,,,
86,BLUE ROOM PRODUCTIONS," 7718 Bradley Blvd.  Bethesda, MD 20817  240-505-5544  ",info@blueroommusicstudio.com ,blueroommusicstudio.com,,,,,,,,,,
87,BLACK DOG MASTERING STUDIO," 3837 Northdale Blvd, Suite 271  Tampa, FL. 33624  813-434-1483  Email : BlackDogMastering@gmail.com  ",,blackdogmastering.com ,,,,,,please call for info,,,,
88,"EMERALD CITY RECORDING, INC."," 105 Dunbar Ave., Ste. A  Oldsmar, FL 34677  813-814-1062  ",info@emeraldcityrecording.com ,emeraldcityrecording.com ,,,,,,please call for rates,,,,
89,FULLERSOUND INC.," 3551 S.W. 116th Ave.  Fort Lauderdale, FL 33330  305-556-5537 Fax 954-727-5303  ",info@fullersound.com ,fullersound.com ,,,,,,please call for rates,,,,
90,NOISEMATCH STUDIOS," 4306 NW 2nd Ave  Miami, FL 33127  786-356-6096  ",info@noisematch.com ,noisematch.com ,,,,,,Call for info,,,,
91,"UPCOMING STUDIO, INC."," 601 W. Oakland Park Blvd., Ste. 13  Wilton Manors, FL 33311-0913  954-530-4710  Email : mastering@upcomingstudio.com  ",,upcomingstudio.com,,,,,,,,,,
92,B CHILL MUSIC," 4002 Hwy 78 Ste 530. #167  Snellville, GA  678-660-8744  ",bchillmusic@gmail.com ,bchillmusic.com,,,,,,,,,,
93,COS MASTERING," 800 E. Ave., NE  Atlanta, GA 30312  404-524-7757  ",larry@cosmastering.com ,cosmastering.com,Larry Antony ,,,,,,,,,
94,SING MASTERING," 781 Wheeler St. N.W.  Studio 8  Atlanta, GA 30318  404-827-8503  ",info@singmastering.com ,singmastering.com ,,,,,,please call for info,,,,
95,ISLAND SOUND STUDIOS," 377 Keahole St.,  Ste. D-03  Honolulu, HI 96825 808-200-1822  ",aloha@islandsoundstudios.com ,islandsoundstudios.com ,Kyle Spicer ,,,,"2 SSL9000J, Digital/Analog",,,,,
96,LAVA TRACKS RECORDING," P.O. Box 6564  Kamuela, Big Island, HI 96743  808-885-6558  ",cb@lavatracks.com ,facebook.com/LavaTracks ,"Charles Michael Brotman, Grammy Award winner  ",,,,,call or check our website for contact info. ,,,,
97,SEASIDE RECORDING," Wailuku, Maui, HI  808-280-0722  ",,"seasiderecording.com, joelkatzmaui.com  ",Joel Katz ,,,,,reasonable rates by hour/week/job,,,,
98,COTTONWOOD STUDIOS," 4436 E. 49th S  Idaho Falls, ID 83406  208-757-7328  ",,cottonwoodstudios.net,,,,,,,,,,
99,DASH MASTERING STUDIO," Boise, ID  208-639-1282  ",dashmastering@gmial.com ,dashmastering.com,,,,,,,,,,
100,"TONIC ROOM, THE"," 1509 S. Robert St., Ste. 103  Boise, ID 83705  208-338-8433  ","info@tonicroomstudios.com, mastering@tonicroomstudios.com  ",tonicroomstudios.com ,,,,,,see web for info,,,,
101,"BOILER ROOM, THE"," 1440 N. Western Ave.  Chicago, IL 60622  773-525-8551  ",collin@brmastering.com ,brmastering.com ,,,,,,please call for info,,,,
102,CHICAGO MASTERING SERVICE," Chicago, IL  773-265-1733  ",info@chicagomasteringservice.com ,chicagomasteringservice.com ,,,,,,please call for info,,,,
103,DON GRIFFIN MASTERING AND MIXING," 5818 S. Archer Road  Summit, IL  60501  708-267-2198, 312-286-5018  ",don@studiovmr.com ,studiovmr.com,,,,,,,,,,
104,GRAVITY STUDIOS," 2250 W. North Ave.  Chicago, IL 60647  773-862-1880  ",info@gravitystudios.com ,gravitystudios.com ,,,,,,Call for more info,,,,
105,MASSIVE MASTERING," P.O. Box 68143  Schaumburg, IL 60168  630-237-4393  ",master@massivemastering.com ,massivemastering.com ,John Scrip ,,,,,hourly/project rates on web,,,,
106,PLAYGROUND RECORDING AND," MASTERING STUDIO, THE  Chicago, IL  312-498-8265  ",admin@playgroundstudio.com ,playgroundstudio.com ,,,,,,"$500/day recording, $65/hr.",,,,
107,AZMYTH RECORDING," 5130 Brouse Ave.  Indianapolis, IN. 46205  317-281-3670  ",info@azmythrecording.com ,azmythrecording.com,,,,,,,,,,
108,THE ROUND TABLE," 6345 Carrollton Ave  Indianapolis, IN 46220  317-981-5351  ",booking@TheRTRC.com ,thertrc.com,,,,,,,,,,
109,MAHERN AUDIO," 2051 W Vernal Pike  Bloomington, IN. 47404  812-320-2437  ",info@mahernaudio.com ,mahernaudio.com,,,,,,,,,,
110,"CATAMOUNT RECORDING, INC."," 5737 Westminster Dr.  Cedar Falls, IA 50613  319-2268-1011  ",catamount@cfu.net ,catamountrecording.com ,Kitty Tatman ,,,,,please see web for info,,,,
111,CHAPMAN RECORDING & MASTERING," 8805 Monrovia St.  Lenexa, KS 66215  913-894-6854  ",chuck@chapmanrecording.com ,chapmanrecording.com,,,,,,,,,,
112,"MUSIC SHED, THE"," 929 Euterpe St.  New Orleans, LA 70130  504-452-0588  ",info@musicshedstudios.com ,musicshedstudios.com ,,,,,,please call for info,,,,
113,BELLWETHER MASTERING," Portland, ME  619-228-6941  ",Joe@bellwethermastering.com ,bellwethermastering.com ,Joe Goodwin ,,,,,"varies, see website",,,,
114,GATEWAY MASTERING STUDIOS," 428 Cumberland Ave.  Portland, ME 04101  207-828-9400  ",staf@gatewaymastering.com ,gatewaymastering.com ,,,,,,please call for info,,,,
115,PATRICK KEANE AUDIO MASTERING," 103 Hanover St.  Portland, ME  207-807-5379  ",,patkeanemastering.com,,,,,,,,,,
116,ABOVE GROUND STUDIOS," 3200 Annetta Ave.  Baltimore, MD 21213  443-255-5016  ",abovegroundstudios@gmail.com ,abovegroundstudios.com ,,,"Tate Kobang, Lil Mo, The Beatnuts, DITC, Moneybagg Yo  ",,,please call/email for info ,"Mastering for iTunes and vinyl, radio ready mastering ",,,
117,HIT AND RUN RECORDING," 18704 Muncaster Rd.  Rockville, MD 20855  301-948-6715  ",info@hitandrunrecording.com ,hitandrunrecording.com ,Steve Carr ,,,,,please call for info,,,,
118,LION AND FOX RECORDING STUDIOS," 9517 Baltimore Ave.  College Park, MD 20740  301-982-4431  ",mail@lionfox.com ,lionfox.com/mastering.htm ,,,,,,please call for info,,,,
119,OMEGA RECORDING STUDIOS," 12712 Rock Creek Mill Rd., Ste. 14Z  Rockville, MD 20852  301-230-9100  ",,omegastudios.com ,,,,,,125/hr. (tax/materials separate),,,,
120,TONAL PARK," 7014-C Westmoreland Ave.  Takoma Park, MD. 20912  303-247-9035  ",contact@tonalpark.com ,tonalpark.com ,,,,,,see web for info,,,,
121,M WORKS MASTERING," 60 Hampshire St.  Cambridge, MA 02139  617-577-0089  ",studio@m-works.com ,m-works.com ,,,,,,reasonable rates,,,,
122,PEERLESS MASTERING," 161 N. St.  Newtonville, MA  02460  617-527-2200  ",info@peerlessmastering.com ,peerlessmastering.com ,Jef ,,,,,please call for info,,,,
123,PILOT RECORDING STUDIOS," 1073 Main St.  Housatonic, MA  413-274-1073  ",info@pilotrecording.com ,pilotrecording.com ,Will Schillinger ,,,,,please email for info,,,,
124,"SOUNDMIRROR, INC."," 76 Green St.  Boston, MA 02130-2271  617-522-1412 Fax 617-524-8377  ",,soundmirror.com ,,,,,,please call for info,,,,
125,BROADSIDE PRODUCTIONS," 901 S. Westnedge  Kalamazoo, MI 49008  269-226-0948  ",studio@broadsideproductions.com ,broadsideproductions.com ,,,,,,by appointment only. Call for rates,,,,
126,STUDIO A RECORDING," 5619 N. Beech Daly  Dearborn Heights, MI 49127  313-561-7489  ",info@studioarecording.com ,"studioarecording.com **No degree, Avid Pro Tools certificate ",,,,,,,,,,
127,THIRD MAN MASTERING," 441 W. Canfield  Detroit, MI 482301  313-209-5212  ",mastering@thirdmanrecords.com ,thirdmanmastering.com,"Bill Skibbe, Warren Defever ",,,,,,,,,
128,FLOWERS STUDIO," 2751 Hennepin Ave.   #161  Minneapolis, MN 55408  612-567-1219  ",info@flowersstudio.com ,flowersstudio.com,,,,,,,,,,
129,RARE FORM MASTERING," 712 Ontario Ave. W. #200  Minneapolis, MN 55403  612-327-8750  ",info@rareformmastering.com ,rareformmastering.com ,Greg Reierson ,,,,,please contact for info,,,,
130,SKYLAND STUDIOS," 7452 236th St. E  Lakeville, MN 55044  ",,skylandstudio.com,,,,,,,,,,
131,MALACO MUSIC GROUP," 3023 W. Northside Dr.  Jackson, MS 39213  601-982-4522, 800-272-7936  ",kbruce@malaco.com ,malaco.com ,,,,,,please call for info,,,,
132,TAPROOT AUDIO DESIGN," 108 Co Rd 411  Oxford, MS 38655  662-801-3273  ",info@taprootaudiodesign.com ,taprootaudiodesign.com ,,,,,,please call for info,,,,
133,ENDEAVOR STUDIO," 211 South College St  Arcadia, MO.  573-944-4449  ",greggill45@gmail.com Web: e: ndeavorav.com ,,,,,,,,,,,
134,GFM RECORDING STUDIOS," 1118 W Main Street  Blue Springs, MO. 64015  816-598-8810  ",gfmmodernrecording@gmail.com ,gfmmodernrecording.com,,,,,,,,,,
135,STUDIO 2100," 2100 N. National Ave  Springfield, MO  65803  417-864-0692  ",jef@studio2100.com ,studio2100.com ,Jef Smith ,,,,,please call for info,,,,
136,FOCUS MASTERING," 6866 Willow St.  Omaha, NE. 68152  402-915-0557  ",Doug@focusmastering.com ,focusmastering.com,,,,,,,,,,
137,STUDIO 24," 8601 N. 30th St.  Omaha, NE 68112  402-342-9090  ",chuckbeckler@studio24omaha.com ,studio24omaha.com ,Chuck Beckler ,,,,,please call for info,,,,
138,THE HIDEOUT RECORDING STUDIO," 14 Sunset Way  Henderson, NV 89014  702-445-7705  ",,hideoutlv.com ,,,,,,please call for info,,,,
139,TOM PARHAM MASTERING," 8260 Haven St  Las Vegas, NV 89123  702-481-1663  ",tomparham@mac.com ,hittrackstudios.com,,,,,,,,,,
140,CARDINAL MASTERING," 71 Lafayette Rd #2b  Hampton Falls, New Hampshire  603-944-6710  ",contact@cardinalmastering.com ,cardinalmastering.com,,,,,,,,,,
141,CEDAR HOUSE SOUND & MASTERING," P.O. Box 333  North Sutton, NH 03260  603-927-6363  ",cedarhousesound@gmail.com ,cedarhousesound.com,,,,,,,,,,
142,"JACOBS WELL MASTERING, LLC"," 79 East Wilder Rd.  West Lebanon, NH 03784  619-754-5050  ",contact@jacobswellmastering.com ,jacobswellmastering.com,,,,,,,,,,
143,ED LITTMAN MASTERING," 35 Harring Ct.  North Haledon, NJ 07508  201-824-7860  ",littmuze@edlittmanmastering.com ,edlittmanmastering.com ,Ed Littman ,,,,,available on website,,,,
144,"HERB POWERS, JR."," PM Mastering, Inc.  Old Bridge, NJ 08857  917-886-7444  ",pmmastering@mac.com ,pmmastering.com ,Angie Powers ,,,,,,,,redbullmusicacademy.com/ lectures/herb-powers ,
145,KNACK MASTERING," Ringwood, NJ  973-556-5749  ",kimrosen@knackmastering.com ,knackmastering.com ,Kim Rosen ,,,"specializes in analog audio master- ing for digital & vinyl formats, audio restoration  and vinyl and tape transfers ",,,,,,
146,STORY BOOK SOUND," Maplewood, NJ  ",info@storybooksound.com ,storybooksound.com ,"Scott Anthony, Rebecca Turner",,,,,,,,,
147,HIGH FIDELITY MASTERING," 8100 Wyoming Blvd. N.E., Ste. 315  Albuquerque, NM 87123  505-459-6242  ",andy@highfidelitymastering.com ,highfidelitymastering.com ,Andy Rogulich ,,,,,please call for info,,,,
148,BANG ZOOM MASTERING," P.O. Box 145  Orangeburg, NY 10962  845-445-4460  ",steve@bangzoomonline.com ,masteringzone.net ,Steve Vavagiakis ,,,Analog and Digital Audio Mastering,,,,,,
149,BATTERY STUDIOS," (Sony Music Entertainment)  321 W 44th St., Suite 1001  New York, NY 10036  212 833-7373  ",donna.kloepfer@batterystudios.com ,batterystudios.com,,,,,,,,,,
150,ELECTRIC KINGDOM STUDIOS," Hartsdale, NY 10530  800-933-1305  ",info@electrickingdom.com ,electrickingdom.com,,,,,,,,,,
151,ENGINE ROOM AUDIO," 42 Broadway, 22nd Fl.  New York, NY 10004  212-625-3467  ",info@engineroomaudio.com ,engineroomaudio.com ,,,,,,please call for info,,,,
152,JOE LAMBERT MASTERING," 3 Marsala Ct  Cortland Manor, NY. 10567  914-737-2795  ",dianazinni@JLMSound.com ,joelambertmastering.com,,,,,,,,,,
153,KEVORKIAN MASTERING, Greenpoint NY  917-406-9147  ,,kevorkianmastering.com ,"Fred Kevorkian, fkfk@aol.com; Larry Lachmann, larry@kevorkianmastering.com ",,,,,,,,,
154,"LODGE, THE"," 740 Broadway, Ste. 605  New York, NY 10003  212-353-3895  ",info@thelodge.com ,"thelodge.com, facebook.com/lodge- mastering  ",,,,,,please call for info,,,,
155,MASTERDISK STUDIOS," 8 John Walsh Blvd., Ste 411  Peekskill, NY  10566  212-541-5022  ",scott@masterdisk.com ,masterdisk.com ,Scott Hull ,,,,,"premium services, Indie mastering ",,,,
156,MUSIC HOUSE MASTERING," 543  Middle Country Rd.  Coram, NY 11727  631-804-0201  ",info@musichousemastering.com ,musichousemastering.com ,"Michael Dominici, owner ",,,,,cal for rates,,,,
157,RIGHT TOUCH MASTERING," New York, NY  800-933-1305 ext 1  ",info@righttouchmastering.com ,righttouchmastering.com ,,,,,,Call for Info,,,,
158,SKYELAB MUSIC PRODUCTIONS," 37 W 37th St., 12th Floor  New York, NY 10018  212-789-8942  ",info@skyelab.com ,skyelabmusic.com ,,,,,,please call for info,,,,
159,STERLING SOUND," 33 Hilliard Avenue  Edgewater, NJ 07020  212-604-9433  ",mark.glaser@sterling-sound.com ,sterling-sound.com ,,,,,,please see web ,," 805 Meridian Street  Nashville, TN. 37207 ",,
160,THE MASTERING PALACE," 307 W. 121st St.  New York, NY 10027  212-665-2200  ",mleedy@themasteringpalace.com ,themasteringpalace.com,,,,,,,,,,
161,THRESHOLD MUSIC, 212-244-1871  ,thresholdstudiosnyc@gmail.com ,thresholdmusic.com ,,,,,,please call for info,,,,
162,TIMELESS MASTERING," 361 Stagg St., Suite 401  Brooklyn, NY 11206  ",info@timelessmastering.com ,timelessmastering.com,,,,,,,,,,
163,TRUTONE MASTERING LABS INC.," 228 E. Route 59, #306  Nanuet, NY 10954  845-680-6490  ",sales@trutonemastering.com ,trutonemastering.com ,,,,,,please call for info,,,,
164,XTREAM AUDIO," Amherst, NY  888-878-3292  ",anthony@xtreamaudio.com ,xtreamaudio.com ,Anthony Casuccio ,,,,,call for customized quote,,,,
165,BLUEFIELD MASTERING," Raleigh, NC 27606  919-859-0102  ",info@bluefieldmastering.com ,bluefieldmastering.com ,Jef Carroll ,,,,,please call or Email,,,,
166,KITCHEN MASTERING," 109 Brewer Ln., Ste. A  Carrboro, NC 27510  919-929-4494  ",info@kitchenmastering.com ,kitchenmastering.com ,Brent ,,,,,hourly and track rates available,,,,
167,STUDIO B MASTERING," 821 Louise Ave.  Charlotte, NC 28204  704-372-9661  ",acoustikmusik@gmail.com ,acoustikmusik.com ,Jimmy Pearson ,,,,,please call for info,,,,
168,CAULIFLOWER AUDIO," 1305 W 80th St., Suite104B  Cleveland, OH. 44102  440-539-5457  ",info@caulifloweraudio.com ,caulifloweraudio.com,,,,,,,,,,
169,THE DREAMCATCHERS RECORDING STUDIO," 7384 E Main St. Suite B  Reynoldsburg, OH  614-434-6012  ",info@thedreamcatchers.studio ,thedreamcatchers.studio,,,,,,,,,,
170,STARSOUND STUDIOS," 10200 Royalton Rd. Ste 3  North Royalton, OH. 44133  216-374-8458  ",starsoundstudioscleveland@gmail.com ,starsoundstudios.com,,,,,,,,,,
171,KL MASTERING," 25 S. Oklahoma Ave  Oklahoma City, OK 73104  405-410-2706  ",KevinLivelyMastering@gmail.com ,kevinlivelymastering.com,,,,,,,,,,
172,STUDIO 42," 42 E. 15th St.  Site 42  Edmond, OK 73013  405-205-9133  ",,studio42okc.com,,,,,,,,,,
173,VEUX STUDIOS," 6729 Well Oak Cir  Oklahoma City, OK 73127  323-486-3193  ",booking@veuxstudios.com ,veuxstudios.com,,,,,,,,,,
174,CRAZY DAISY PRODUCTIONS," 8540 S.W. Monticello St.  Beaverton, OR 97008  541-517-1458  ",info@crazymastering.com ,crazymastering.com,,,,,,,,,,
175,FOSTER MASTERING," 4711 S.E. 26th Ave.  Portland, OR 97202  503-222-9444  ",ryan@fostermastering.com ,fostermastering.com ,,,,,,please call for info,,,,
176,FUTURE DISC LLC," 15851 N.W. Willis Rd.  McMinnville, OR 97128  213-361-0603  ",steve@futurediscsystems.com ,futurediscsystems.com ,Steve Hall or Laura Hall ,,,,,please call for rates or more info,,,,
177,LIQUID MASTERING," 1393 W 40th Ave,  Eugene, OR 97405  541.286.5434  Email : liquid@liquidmastering.com  ",,liquidmastering.com ,Thaddeus Moore ,,,,,"$10/min of processed audio, Stem Mastering, and Mixing available. Contact for  budget details. Any Style or Genre, Film Audio,  Podcasts, Forensic Recovery. 24 years experi-  ence in audio. ",,,,
178,SPECIALIZED MASTERING," 15438 S.W. 81st. Ave.  Portland, OR 97224  503-866-8383  ",dana@specializedmastering.com ,specializedmastering.com ,,,,,,please call for info,,,,
179,"IMMERSIVE MUSIC MEDIA GROUP, LLC"," 1630 Manheim Pike, Suite 3A  Lancaster, PA 17601  717-621-2441  ",info@immersivemmg.com ,immersivemmg.com ,,,,,"Digital, Dolby Atmos ",please call for info,,,,
180,"MASTERING HOUSE INC., THE"," Elverson, PA  484-802-2624  ",,masteringhouse.com,,,,,,please call for info ,,,,
181,SI STUDIOS," 945 S. Main St.  Old Forge, PA 18518  570-457-0147  ",,sistudios.com ,,,,,,please call for info,,,,
182,TREELADY STUDIOS," 1256 Franklin Ave.  Pittsburgh, PA 15210  412-816-0300  ",info@treelady.com ,treelady.com ,,,,,,please see web,,,,
183,STATIC PRODUCTIONS," North Kingstown, RI 02852  401-267-8236  ",record@staticproductions.com ,staticproductions.com ,,,,,,please call or see web,,,,
184,SIT N SPIN STUDIOS," 10 Michael Dr.  Greenville, SC 29611  864-586-0557  ",sitnspinstudios@gmail.com ,sitnspinstudios.com ,Matt Morgan,,,,,,,,,
185,STRAWBERRY SKYS RECORDING STUDIOS," 1706 Platt Springs Rd.  West Columbia, SC 29169  803-794-9300  ",info@strawberryskys.com ,strawberryskys.com ,,,,,,call for rates,,,,
186,VLADO MELLER MASTERING," c/o Truphonic Studios  816B  Saint Andrews Blvd.  Charleston, SC 29407  917-902-9909  ","peterwest@VladoMastering.com, Vlado@VladoMastering.com,  PaulWest@Vladomastering.com  ",vladomastering.com ,"Peter Cho, Paul West, Vlado Meller",,,,,,,,,
187,BLACK MATTER MASTERING," 601 Lemont Dr.  Nashville, TN 37216  615-424-6509  ",dan@blackmattermastering.com ,blackmattermastering.com ,Dan Emery ,,,"Mastering, lacquers, vinyl etching ",,Check Website for Rates,,,,
188,DAVE TOUGH PRODUCTIONS," Nashville, TN  615-554-6693  ",dave@davetough.com ,davetough.com ,Dave ,,,,,$75/hr - specializing in internet mastering ,,,,
189,DIAMONDISC AUDIO," 8161 Highway 100, Suite 262  Nashville, TN 37221  615-662-6870  ",info@diamondiscaudio.com ,diamondiscaudio.com ,Doug Diamond ,,,,,Mastering Package D - $30/song,,,,
190,EUPHONIC MASTERS," Arlington, TN  901-266-6075  ",info@euphonicmasters.com ,euphonicmasters.com ,,,,,,please call for info,,,,
191,FOXWOOD MASTERING," 108 Foxwood Ln.  Franklin, TN 37069  615-297-3929  ",info@foxwoodmastering.com ,foxwoodmastering.com ,,,,,,please call for info,,,,
192,"GEORGETOWN MASTERS AUDIO, LLC"," 33 Music Sq. W., Ste. 108b  Nashville, TN 37203 USA  615-254-3233 Fax 615-254-3237  ",info@georgetownmasters.com ,georgetownmasters.com ,,,,,,please call or see web,,,,
193,INDEPENDENT MASTERING," 1312 16th Ave. S.  Nashville,TN 37212  615-425-0739  ",eric@independentmastering.com ,independentmastering.com,,,,,,,,,,
194,MASTERFONICS," 28 Music Sq. West, E  Nashville, TN 37203  615-720-2761  ",tommy@masterfonics.com ,masterfonics.com ,Tommy Dorsey ,,,,,please call for info,,,,
195,MAYFIELD MASTERING," 2825 Erica Pl.  Nashville, TN 37204  615-383-3708  ",,mayfieldmastering.com ,,,,,,please call for info,,,,
196,THE PLACE... FOR MASTERING," 5543 Edmondson Pike #100  Nashville, TN 37211  615-614-6362  ",,theplaceformastering.com ,,"Eric Clapton, John Mayer, Edwin Mc- Cain, Jef Buckley, James Brown. Indie artists  worldwide are welcome. ",,,,Email your project info to Alex for a free quote.  ,,,,
197,STERLING SOUND," 805 Meridian Street  Nashville, TN 37207  212-604-9433  ",mark.glaser@sterling-sound.com ,sterling-sound.com ,,,,,,please see web,,,,
198,TOMMYS TRACKS MASTERING," Nashville, TN 37221  615-522-4344  ",mastering@tommystracks.com ,tommystracks.com/mastering ,"Tommy Wiggins Basic Rate : Indie-friendly - Singles from $125/  EPs from $400/Full Lengths from $750.  Gear : Big Ears, 30 years mastering experience,  B&W 801 Matrix III monitors, Bryston 4B ampli-  fier, Dangerous mastering console, Dangerous  Monitor, Dangerous MQ metering, Dangerous  Convert-2 D/A, Prism AD-124, Prism/Maselec  MEA-2 eq, Dangerous BAX eq, (2) API 560  eq, (2) Daking FET ii compressors, Waves L2  Hardware limiter, Manley tube mixer, iZotope  restoration bundle.  ","Robben Ford, The Rembrandts, Lilly Hiatt, Robin Hitchcock, The Raconteurs  Brendan Benson and his Readymade Label, DJ  Phatty Banks, Buick 6 ft. Lucinda Williams, Eric  Burdon & the Greenhornes, Hilary Williams. ",,,,,,,,
199,WOLF MASTERING," 1024 16th Ave. S.  Nashville, TN 37212  615-351-1688  ",wolfmastering@gmail.com ,,Erik Wolf ,,,,,$85/hr. plus masters,,,,
200,YES MASTER STUDIOS," 478 Craig-head St., #105  Nashville, TN 37204  615-383-1964  ",yesmaster@comcast.net ,yesmasterstudios.com,,,,,,,,,,
201,AMBIENT DIGITAL," Houston, TX  888-808-DISC  ",mastering@ambientdigital.com ,ambientdigital.com ,Bob Boyd ,,,,,please call for an estimate,,,,
202,DES MASTERING," 1409 S. Lamar St., Ste. 100  Dallas, TX 75215  214-428-8777  ",george@desmastering.com ,desmastering.com ,,,,,,see website,,,,
203,FORT WORTH SOUND," 306 S. Main St.  Ft. Worth, TX 76104  817-922-5444  ",,fortworthsound.com ,Bart Rose ,,,,,please call for info,,,,
204,JO MUSIK," Sunnyvale, TX 75182  972-226-1265  ",info@jomusik.com ,jomusik.com ,,,,,,please call for info,,,,
205,MASTERPIECE MASTERING," P.O. Box 2909  South Padre Island, TX 78597-2909  956-233-5326, (Austin) 512-289-3428  ","Billy Stull, billy@legendaryaudio.com ","masterpiecemastering.com, legendary- audio.com  ",,,,,,call for rates,,,,
206,NEXUS RECORDING STUDIOS," San Antonio, TX  210-639-5266  ",jason@nexusrecordingstudios.com ,nexusrecordingstudios.com ,Jason Hatch ,,,,,please call for info,,,,
207,OTR MASTERING, 650-595-8475  ,info@otrstudios.com ,otrstudios.com/mastering ,,,,,,Please call for info,,,,
208,SONAR HOUSE STUDIOS," Austin, TX  512-270-8208  ",,sonarhousestudios.com,,,,,,,,,,
209,"TERRA NOVA DIGITAL AUDIO, INC."," 9600 Escarpment Blvd.   #745-234  Austin, TX 78749  512-891-8010  ",terranova.mastering@gmail.com ,terranovamastering.com ,,,,,,please call for info,,,,
210,"VAULT RECORDING STUDIOS, THE"," 9135 Katy Fwy., Ste. 1  Houston, TX 77024  713 851-0265  ",info@vaultrecording.com ,vaultrecording.com ,David Williams ,,,,,please call for info,,,,
211,WEXTRAX MASTERING LABS," McKinney, TX  214-544-1554, 214-585-1692  ",rob@wextrax.com ,wextrax.com ,Rob Wechsler ,,,,,please call for info,,,,
212,WIRE ROAD STUDIOS," 901 W. 20th St.  Houston, TX 77008  713-636-9772  ",contact@wireroadstudios.com ,wireroadstudios.com ,Bill Wade ,,,,,By request per project,,,,
213,DAVID EVANOFF SOUND DESIGNS," 6794 Pine Knot Drive  Salt Lake City, UT  801-815-3202  ",dave@davidevanof.com ,davidevanof.com ,,,,,,please call for info,,,,
214,LANE GIBSON," 413 Carpenter Rd.  Charlotte, VT 05445  802-425-3508  ",,lanegibson.com,,,,,,,,,,
215,LITTLE CASTLE STUDIO, 802-349-1280  ,littlecastlestudio@yahoo.com ,littlecastle.com ,"Horace Williams, Jr. ",,,,,please call for info,,,,
216,CUE RECORDING STUDIOS," 109 Park Ave., Ste. E  Falls Church, VA 22046  703-532-9033  ",info@cuerecording.com ,cuerecording.com ,,,,,,please call for info,,,,
217,WASHBURN MASTERING," P.O. Box 8217  Norfolk, VA 23503  757-524-1364  ",,washburnmastering.com ,Todd Washburn ,,,,,please call for info,,,,
218,JP MASTERS," Seattle, WA  206-714-7227  ",dave@jpmasters.com ,jpmasters.com ,Dave Locke ,,,,,please refer to web,,,,
219,PERFECHTER PRODUCTIONS, 509-242-8907  ,info@perfechterproductions.com ,perfechterproductions.com ,,,,,,please email for info,,,,
220,SYNERGY PRODUCTIONS," 958 N. 127th St., Ste. B  Seattle, WA 98133  206-364-1070  ",jason@synergynw.com,,,,,,,,,,,
221,BLUE ALLEY STUDIOS," 347 Dunkard Ave  Westover, WV. 26501  304-598-2583  ",jswiger@bluesalleymusic.com ,bluesalleymusic.com,,,,,,,,,,
222,SUNNY DAY SOUND," Charleston, WV  304-881-4110  ",sunnydaysound@gmail.com ,sunnydaysound.com,,,,,,,,,,
223,ZONE 8 RECORDING," 1973 Main Street  Granville, WV. 26534  304-599-7332  ",zone8recording@yahoo.com ,zone8recording.com ,Mark Poole ,,,,,please call for info,,,,
224,FRESH COAST," 818 N. 109th St.  Milwaukee, WI 53226  414-771-9999  ",,freshcoast.com ,,,,,,please call for info,,,,
225,ULTIMATE AUDIO MASTERING," 35 W. Liberty  Evansville, WI 53536  608-695-3284  ",uamaster@sbcglobal.net ,facebook.com/ultimateaudiomastering ,Tom Blain ,,,,,call for price quote,,,,
