,CompanyName,ReviewDate,ReviewContent,StarRating,ReviewType,Metadata
66223c5f4f03f35f041900bc,famegrowers,2024-04-19 11:41:51,"Good services: Good services. If anyone is wondering whether it's worth it, I definitely think so. I've seen positive effects and an increase in reach on my TikTok after using several of their services for a month.",5,Trustpilot,"{'ExperienceDate': 'April 18, 2024', 'AuthorName': 'R. White', 'AuthorCountry': 'US', 'AuthorReviews': 1, 'ProfileLink': 'https://www.trustpilot.com/users/66223c503fbc7a0012fbda3b', 'ReviewLink': 'https://www.trustpilot.com/reviews/66223c5f4f03f35f041900bc'}"
6626a9cbe7d6402f34326792,famegrowers,2024-04-22 20:17:48,"I waited longer than the estimated timeâ€¦: I waited longer than the estimated time for the order to be completed, but I am satisfied.",5,Trustpilot,"{'ExperienceDate': 'April 22, 2024', 'AuthorName': 'Arturo L.', 'AuthorCountry': 'US', 'AuthorReviews': 1, 'ProfileLink': 'https://www.trustpilot.com/users/6626a9bb3a70520012c54203', 'ReviewLink': 'https://www.trustpilot.com/reviews/6626a9cbe7d6402f34326792'}"
6624ed4184acbafcb4c0574e,famegrowers,2024-04-21 12:41:06,"The completion time is a bit long: The completion time is a bit long, but other than that, I have no complaints.",5,Trustpilot,"{'ExperienceDate': 'April 08, 2024', 'AuthorName': 'Jeremy West', 'AuthorCountry': 'US', 'AuthorReviews': 1, 'ProfileLink': 'https://www.trustpilot.com/users/6624ed325e5d5d0011e4cc31', 'ReviewLink': 'https://www.trustpilot.com/reviews/6624ed4184acbafcb4c0574e'}"
661ed891450a1ea43cfc7e3e,famegrowers,2024-04-16 21:59:14,"They acquired some Google reviews forâ€¦: They acquired some Google reviews for me, and my business has revived. I recommend them.",5,Trustpilot,"{'ExperienceDate': 'April 15, 2024', 'AuthorName': 'Vincent R.', 'AuthorCountry': 'US', 'AuthorReviews': 1, 'ProfileLink': 'https://www.trustpilot.com/users/661ed8806c01e50012f66aa7', 'ReviewLink': 'https://www.trustpilot.com/reviews/661ed891450a1ea43cfc7e3e'}"
661cfd07cc85a1b3e5fa2154,famegrowers,2024-04-15 12:10:16,"Great panel: Great panel, clear interface, helpful support, the best I've come across so far.",5,Trustpilot,"{'ExperienceDate': 'April 08, 2024', 'AuthorName': 'F. Cook', 'AuthorCountry': 'US', 'AuthorReviews': 1, 'ProfileLink': 'https://www.trustpilot.com/users/661cfcee6c01e50012f53f76', 'ReviewLink': 'https://www.trustpilot.com/reviews/661cfd07cc85a1b3e5fa2154'}"
660e7c9672c907466b1c7095,famegrowers,2024-04-04 12:10:31,"Great site: Great site, however, don't treat these services as a magic solution for breaking through. If you have poor content, advertising won't do much good. But if you have good content, it can be a game-changer :)",5,Trustpilot,"{'ExperienceDate': 'April 01, 2024', 'AuthorName': 'Steve', 'AuthorCountry': 'US', 'AuthorReviews': 1, 'ProfileLink': 'https://www.trustpilot.com/users/660e7c89fa77850012cb18fa', 'ReviewLink': 'https://www.trustpilot.com/reviews/660e7c9672c907466b1c7095'}"
661b00863b32007345fe3d59,famegrowers,2024-04-14 00:00:39,"Good social media panel: Good social media panel, I've been using it for some time.",5,Trustpilot,"{'ExperienceDate': 'April 13, 2024', 'AuthorName': 'Jorge Gray', 'AuthorCountry': 'US', 'AuthorReviews': 1, 'ProfileLink': 'https://www.trustpilot.com/users/661b0069df518e00127e7fce', 'ReviewLink': 'https://www.trustpilot.com/reviews/661b00863b32007345fe3d59'}"
6612a29486c3e4a6ae2f384f,famegrowers,2024-04-07 15:41:41,"I bought followers: I bought followers, they helped me get into the TikTok Creativity Program, and everything went well.",5,Trustpilot,"{'ExperienceDate': 'April 06, 2024', 'AuthorName': 'Colin Rivera', 'AuthorCountry': 'US', 'AuthorReviews': 1, 'ProfileLink': 'https://www.trustpilot.com/users/6612a28887fcdb00112d1a77', 'ReviewLink': 'https://www.trustpilot.com/reviews/6612a29486c3e4a6ae2f384f'}"
660fd58be4a0c9df196c00a7,famegrowers,2024-04-05 12:42:20,"The turnaround time was a bit longerâ€¦: The turnaround time was a bit longer than described in the service details, but overall, I am satisfied.",5,Trustpilot,"{'ExperienceDate': 'March 26, 2024', 'AuthorName': 'Thomas G.', 'AuthorCountry': 'US', 'AuthorReviews': 1, 'ProfileLink': 'https://www.trustpilot.com/users/660fd575e4728e00122968db', 'ReviewLink': 'https://www.trustpilot.com/reviews/660fd58be4a0c9df196c00a7'}"
661f98a4adbda3e05963ccfb,famegrowers,2024-04-17 11:38:45,"I regularly use YouTube packages: I regularly use YouTube packages, and they have revitalized my gaming channel.",5,Trustpilot,"{'ExperienceDate': 'April 12, 2024', 'AuthorName': 'Bernard Chang', 'AuthorCountry': 'US', 'AuthorReviews': 1, 'ProfileLink': 'https://www.trustpilot.com/users/661f9897199d2b00128089fd', 'ReviewLink': 'https://www.trustpilot.com/reviews/661f98a4adbda3e05963ccfb'}"
66240b505315b2bb41c08767,famegrowers,2024-04-20 20:37:05,"Everything's okay: Everything's okay, the site is legit.",5,Trustpilot,"{'ExperienceDate': 'April 19, 2024', 'AuthorName': 'Garry', 'AuthorCountry': 'US', 'AuthorReviews': 1, 'ProfileLink': 'https://www.trustpilot.com/users/66240b40749162001257e291', 'ReviewLink': 'https://www.trustpilot.com/reviews/66240b505315b2bb41c08767'}"
661bbd09ca31ebd7f6a3880b,famegrowers,2024-04-14 13:24:58,"They enabled monetization on YouTubeâ€¦: They enabled monetization on YouTube for me, and I am very satisfied.",5,Trustpilot,"{'ExperienceDate': 'April 11, 2024', 'AuthorName': 'Felix', 'AuthorCountry': 'US', 'AuthorReviews': 1, 'ProfileLink': 'https://www.trustpilot.com/users/661bbcf9fc6ed600122d2b80', 'ReviewLink': 'https://www.trustpilot.com/reviews/661bbd09ca31ebd7f6a3880b'}"
655bb85c02edd5e0c283daa4,famegrowers,2023-11-20 21:49:48,"Excellent for music promotion: Excellent for music promotion. My experience was great, as lordered 100,000 targeted views onYouTube specifically from the music scene. The campaign finished in two weeks, and now thesong has reached 160,000 views and is still increasing. Previously, l used the services of anothercompany which was cheaper, but it did not deliver such results. Highly recommended!",5,Trustpilot,"{'ExperienceDate': 'November 19, 2023', 'AuthorName': 'Zachary Robson', 'AuthorCountry': 'US', 'AuthorReviews': 1, 'ProfileLink': 'https://www.trustpilot.com/users/655bb85b25a5fd00116851e2', 'ReviewLink': 'https://www.trustpilot.com/reviews/655bb85c02edd5e0c283daa4'}"
6568081e03b93be844370a0b,famegrowers,2023-11-30 05:57:18,"definitely recommend: Famegrowers is the best I've used for promoting YouTube videos. They bring real traffic, and you can see it in viewer engagement. I recommend their YouTube Packages. In 2 months, I got more viewers than in the last 2 years. It's really worth it.",5,Trustpilot,"{'ExperienceDate': 'November 29, 2023', 'AuthorName': 'Muhammad Mills', 'AuthorCountry': 'US', 'AuthorReviews': 1, 'ProfileLink': 'https://www.trustpilot.com/users/6568081d2e9d0f0011ab7cc2', 'ReviewLink': 'https://www.trustpilot.com/reviews/6568081e03b93be844370a0b'}"
6620ec5a116768bdedcf0f57,famegrowers,2024-04-18 11:48:11,I recommend it.,5,Trustpilot,"{'ExperienceDate': 'April 09, 2024', 'AuthorName': 'Sergio Grant', 'AuthorCountry': 'US', 'AuthorReviews': 1, 'ProfileLink': 'https://www.trustpilot.com/users/6620ec4c255143001328e0ae', 'ReviewLink': 'https://www.trustpilot.com/reviews/6620ec5a116768bdedcf0f57'}"
65610d77c5131bb2751ba218,famegrowers,2023-11-24 22:54:15,"This website has helped me a lot in soâ€¦: This website has helped me a lot in so many ways and I am so grateful to the hard working team that manages it all, very nice and helpful website! Would recommend Famegrowers to anyone",5,Trustpilot,"{'ExperienceDate': 'November 23, 2023', 'AuthorName': 'Katherine Wilkins', 'AuthorCountry': 'US', 'AuthorReviews': 1, 'ProfileLink': 'https://www.trustpilot.com/users/65610d754ab21800126387b1', 'ReviewLink': 'https://www.trustpilot.com/reviews/65610d77c5131bb2751ba218'}"
656add7024b5e9a7268492de,famegrowers,2023-12-02 09:32:01,Well-deserved 5 stars: I came across this site on a recommendation and I'm happy with it. They helped boost my Instagram profile.,5,Trustpilot,"{'ExperienceDate': 'December 01, 2023', 'AuthorName': 'Muhammad Whitehous', 'AuthorCountry': 'US', 'AuthorReviews': 1, 'ProfileLink': 'https://www.trustpilot.com/users/656add6fcdc57e001369e3e1', 'ReviewLink': 'https://www.trustpilot.com/reviews/656add7024b5e9a7268492de'}"
6568e61e3d3217d9407fcf86,famegrowers,2023-11-30 21:44:30,Quality services and support: Good services and excellent support that answers every question (even the silly ones) and advises on how to improve your profile and which services to order for specific results.,5,Trustpilot,"{'ExperienceDate': 'November 29, 2023', 'AuthorName': 'Louie Weston', 'AuthorCountry': 'GB', 'AuthorReviews': 1, 'ProfileLink': 'https://www.trustpilot.com/users/6568e61dcdc57e001368cc6f', 'ReviewLink': 'https://www.trustpilot.com/reviews/6568e61e3d3217d9407fcf86'}"
65e327e9ad3f22f37ff565b9,famegrowers,2024-03-02 15:21:46,"I recommend their youtube services: I recommend their youtube services, especially the youtube packages, thanks to them i finally started gaining real subscribers",5,Trustpilot,"{'ExperienceDate': 'March 01, 2024', 'AuthorName': 'Courtney Doyle', 'AuthorCountry': 'CA', 'AuthorReviews': 1, 'ProfileLink': 'https://www.trustpilot.com/users/65e327e89afd740012516fb3', 'ReviewLink': 'https://www.trustpilot.com/reviews/65e327e9ad3f22f37ff565b9'}"
65690e450bfaa54a7213d121,famegrowers,2023-12-01 00:35:49,"Legit website: I ordered a service to enable monetization on my YouTube channel. The whole process was quick and smooth, and my channel finally started generating profits ðŸ™‚ Highly recommended!",5,Trustpilot,"{'ExperienceDate': 'November 29, 2023', 'AuthorName': 'Kiera Holt', 'AuthorCountry': 'AE', 'AuthorReviews': 1, 'ProfileLink': 'https://www.trustpilot.com/users/65690e436a14b1001335191a', 'ReviewLink': 'https://www.trustpilot.com/reviews/65690e450bfaa54a7213d121'}"
