,Name,Address/Phone,Phone,Web,Email,Fax,Mail,Contact,Specialty,Additional locations,Practice Areas
1,"ADAMS AND REESE, LLP"," Regions Harbert Plaza  1901 6th Ave. N., Ste. 3000  Birmingham, AL 35203  205-250-5000  ",,msmcnairlaw.com ,msm@mcnair.com ,,,Michael S. McNair ,Contracts," RSA Battle House Tower  11 N. Water St., Ste. 23200  Mobile, AL 36602  251-433-3234  M.S. McNAIR  2151 Government St.  Mobile, AL 36606  251-450-0111  ",
2,"DAVIS WRIGHT TREMAINE, LLP"," 188 W. Northern Lights Blvd.  Anchorage, AK 99503-3985  907-257-5300 Fax 907-257-5399  ",,dwt.com ,jondawon@dwt.com ,,,Jon Dawon ,Litigation,,
3,DORSEY & WHITNEY LLP," 1031 W. 4th Ave., Ste. 600  Anchorage, AK 99501-5907  907-276-4557  ",,dorsey.com ,mills.mike@dorsey.com ,,,"Michael Mills, Partner ",Intellectual Property,,
4,PERKINS COIE," 1029 W. 3rd Ave., Ste. 300  Anchorage, AK 99501-1981  907-279-8561 Fax 907-276-3108  ",,perkinscoie.com ,sGillstrm@perkinscoie.com ,,,"Sarah C. Gillstrom, Partner ",LItigation,,
5,"LEWIS ROCA ROTHGERBER CHRISTIE, LLP"," 201 East Washington St., Suite 1200  Phoenix, AZ 85004  602-262-5311, 602-262-5747  ",,lewisroca.com ,mcurry@lewisroca.com ,,,"Michael J.Curry, Partner ","Intellectual Property, Trademarks and Copyrights",,
6,PERKINS COIE," 2901 N. Central Ave., Ste. 2000  Phoenix, AZ 85012-2788  602-351-8000 Fax 602-648-7000  ",,perkinscoie.com ,JEverettGarcia@perkinscoie.com ,,,"Jessica L. Everett-Garcia, Partner ","Trademark Law, Intellectual Property",,
7,"SANDERS & PARKS, PC"," 3030 N. 3rd St., Ste. 1300  Phoenix, AZ 85012  602-532-5600  ",,sandersparks.com ,,,,,Intellectual Property,,
8,SNELL & WILMER," One Arizona Center  400 E. Van Buren St., Ste. 1900  Phoenix, AZ 85004-2202  602-382-6000 Fax 602-382-6070  ",,swlaw.com ,info@swlaw.com ,,,,Intellectual Property ," One S. Church Ave., Ste. 1500  Tucson, AZ 85701-1630  520-882-1200 Fax 520-884-1294 ",
9,"WILLIAM D. BLACK, LAW OFFICES OF"," Great American Tower  20 East Thomas Road  Ste. 2200  Phoenix, AZ 85012  480-680-8519, 844-224-0054  ",,billblacklawfirm.com ,,,,,," Kierland Corporate Center  7047 E. Greenway Pkwy., Ste. 250  Scottsdale, AZ 85254  480-699-6888 ",
10,CARVER LAW," Pleasant Valley Corp. Center, Ste. 800  2024 Arkansas Valley Dr.  Little Rock, AR 72212-4147  501-224-1500  ",,arkpatent.com ,Sdc@arkpatent.com ,,,,Intellectual Property,,
11,ROSE LAW FIRM," 120 E. 4th St.  Little Rock, AR 72201-2893  501-375-9131 Fax 501-375-1309  ",,roselawfirm.com ,info@roselawfirm.com ,,,,Intellectual Property,,
12,"WRIGHT, LINDSEY & JENNINGS, LLP"," 200 W. Capitol Ave., Ste. 2300  Little Rock, AR 72201  ",(501) 371-0808 ,wlj.com ,jdoughtery@wlj.com ,,,J. Charles Dougherty ,Intellectual Property ," 3333 Pinnacle Hills Pkwy., Ste. 510  Rogers, AR 72758  479-986-0888 ",
13,"ABRAMS, GARFINKEL, MARGOLIS,  BERGSON, LLP  ","3900 West Alameda Ave., Suite 2100  Burbank, CA 91505  310-300-2900  ",,agmblaw.com ,info@agmblaw.com ,,,,," 1430 Broadway, 17th Fl.  New York, NY 10018  212-201-1170  225 Broadhollow Rd., Ste. 102  Melville, NY 11747  516-986-2745 ",
14,"AKIN, GUMP, STRAUSS,  HAUER & FELD, LLP  ","1999 Avenue of the Stars, Ste. 600  Los Angeles, CA 90067  310-229-1000  ",,akingump.com ,pclin@akingump.com,,,"Paul Lin, Partner ",," One Bryant Park  Bank of America Tower  New York, NY 10036  212-872-1000  ",
15,ARNOLD & PORTER," 777 S. Figueroa St., 44th Fl.  Los Angeles, CA 90017  213-243-4000 Fax 213-243-4199  ",,arnoldporter.com ,,,,,"All areas, intellectual property/tech. *No unsolicited material  "," Three Embarcadero Center, 10th Fl.  San Francisco, CA 94111  415-471-3100 Fax 415-471-3400  3000 El Camino Real  Five Palo Alto Square, Ste. 500  Palo Alto, CA 94306-3807  650-319-4500 ",
16,TERRY B. BATES," Reed Smith, LLP  355 South Grand Avenue, Suite 2900  Los Angeles, CA 90071  213-457-8012  ",,reedsmith.com ,tbates@reedsmith.com ,,,,entertainment media,,
17,LEE JAY BERMAN," The Mediation Offices of Lee Jay Berman  4640 Admiralty Way  Suite 500  Marina del Rey, 90292  310-593-9905  ",,LeeJayBerman.com,"info@leejayberman.com, leejay@mediationtools.com  ",,,,,,
18,BEVERLY HILLS BAR ASSOCIATION," 9420 Wilshire Blvd., 2nd Fl.  Beverly Hills, CA 90212  310-601-2422  ",,bhba.org,info@bhba.org ,,,,,,
19,"BLAKE & WANG, P.A."," 1801 Century Park E., 24st Fl.  Los Angeles, CA 90067  ",,filmtvlaw.com ,,,,,"Entertainment Law, Music Law, Film and TV Law "," 1 Sansome Street  35th Floor  San Francisco CA, 94104  415-869-8832 ",
20,"BLOOM, HERGOTT, DIEMER, ROSENTHAL, LAVIOLETTE &  FELDMAN SCHENKMAN & GOODMAN, LLP  ","150 S. Rodeo Dr., 3rd Fl.  Beverly Hills, CA 90212  310-859-6800  *No unsolicited material ",,,,,,,,,
21,"BRET D. LEWIS, LAW OFFICES OF"," Santa Monica Wellesley Plaza  12304 Santa Monica Blvd., Ste. 107A  Los Angeles, CA 90025  310-207-0696 Fax 310-362-8424  ",,blewislaw.com,bdlawyager@gmail.com ,,,,,,
22,CALIFORNIA LAWYERS FOR THE ARTS," 12304 Santa Monica Blvd, Ste 304  Los Angeles, Ca 90025  888-775-8995, 310-207-0001  ",,calawyersforthearts.org ,losangeles@calawyersforhearts.org ,,,,"Lawyer Referral Service, Mediation/Arbitration *Additional offices in Sacramento and San Francisco and  San Diego ",,
23,"CHRISTOPHER J. OLSEN,  LAW OFFICES OF  ","3075 E. Thousand Oaks Blvd., Ste. 100  Westlake Village, CA 91362  805-557-0660 Fax 805-491-8324  ",,chrisolsenlaw.com ,chris@chrisolsenlaw.com ,,,,Studio and Performance Bass Player. I share musicians concerns because I am one. ,,"Entertainment Law, Music Law, Contract Negotiation, Business and Transactional Matters, Civil  Litigation. 30 years experience  "
24,"D. BURGUNDY MORGAN,  ESQ. ONE LLP "," 23 Corporate Plaza Drive  Suite 150  Newport Beach, CA 92660  949-502-2870, 310-258-5081  ",,onellp.com ,bmorgan@onelip.com ,,,"D. Burgundy Morgan, Esq. ",Entertainment Law ," 400 Corporate Point  Suite 300  Culver City, CA90230  310-866-5157 ",
25,DEAN SHELDON SERWIN," 1107 Fair Oaks Ave., #848  South Pasadena, CA 91030-3311  323-465-1735  ",,deanserwin.com ,dean@deanserwin.com ,,,,"Full-service for entertainment industry, including records, publishing, online, video game, film and television,  management, licensing, trademark, music clearance.  Selected shopping ",,
26,DIJULIO LAW GROUP," 330 N. Brand Blvd., Ste. 702  Glendale, CA 91203  818-502-1700  ",,dijuliolawgroup.com ,rdd@dijuliolaw.com ,,,,"Record contracts, music publishing, licenses "," 6 Woodard Ave.  Absarokee, MT 59001 ",
27,DONALDSON CALLIF PEREZ," 5600 West Adams Boulevard, Suite 300  Los Angeles, CA 90016  310-277-8394 Fax 310-277-4870  ",,donaldsoncallif.com/attorneys *No unsolicited material ,Mdonaldson@dcp.law ,,,,,,
28,DONALD S. PASSMAN," Gang, Tyre, Ramer & Brown, Inc.  132 S. Rodeo Dr., Ste. 306  Beverly Hills, CA 90212-2414  310-777-4800  ",,donpassman.com/about-donald-s-passman *No unsolicited material ,don@donpassman.com ,,,,,,
29,DYKMA," 444 S. Flower Street  Suite 2200  Los Angeles, CA 90071  213-457-1800  ",,dykema.com ,jhuron@dykema.com ,,,"Jeffrey Huron, Office Managing Member ",Intellectual Property,,
30,ERIC NORWITZ," 3333 W. 2nd St., Ste. 52-214  Los Angeles, CA 90004-6149  213-389-3477  ",,,enorwitz@pacbell.net ,,,,Entertainment law and litigation *Unsolicited material accepted ,,
31,ERIN M. JACOBSON," The Music Industry Lawyer  9100 Wilshire Blvd., Suite 725 E  Beverly Hills, CA 90212  424-354-9364  ",,themusicindustrylawyer.com,erinjacobsonesq@gmail.com ,,,,,,
32,FAEGRE DRINKER BIDDLE," 1800 Century Park E., Ste. 1500  Los Angeles, CA 90067  310-203-4000, 310-229-1285  ",,faegredrinker.com/en ,,,,,," Four Embarcadero Center, 27th Fl.  San Francisco, CA 94111  415-591-7500 ",
33,FINDELLE LAW & MANAGEMENT," 2029 Century Park E., Ste. 900  Los Angeles, CA 90067  310-552-1777  Fax 310-286-1990  ",,,perfstanny@aol.com ,,,"Stann Findelle, Esq. ","manager and recording agreements, production, actors, broadcasting and publishing  *Call before sending material ",,
34,"GERRY BRYANT, ESQ."," 9903 Santa Monica Blvd., Ste. 1007  Beverly Hills, CA 90212  ",,gerrybryant.com *No unsolicited material or deal shopping. ,mail@gerrybryant.com ,,,,,,
35,"GIBSON, DUNN"," 555 Mission Street  Suite 3000  San Francisco, CA 94105  415-393-8216  ",,gibsondunn.com *No unsolicited material ,rmurr@gibsondunn.com ,,,"Ryan, A. Murr ",,,
36,"GLENN T. LITWAK,"," LAW OFFICES OF  201 Santa Monica Blvd., Ste. 300  Santa Monica, CA 90401  310-858-5574 Fax 310-207-4180  ",,glennlitwak.com,glenn@glennlitwak.com ,,,,,,
37,"GREENBERG, GLUSKER"," 2049 Century Park East  Suite 2600  Los Angeles, CA 90067  310-553-3610, 310-201-7437  ",,greenbergglusker.com ,info@greenbergglusker.com ,,,"Matt Galsor, Partner *No unsolicited material ",,,
38,"SCOTT HARRINGTON, ESQ."," Harrington Music Law Group, PC  2001 Wilshire Blvd., Ste. 400  Santa Monica, CA 90403  310-315-9222 Fax 310-315-9225  ",,,sharrington@sdhmusiclaw.com,,,,,,
39,"HELMER, FRIEDMAN, LLP"," 9301 Wilshire Blvd., Ste. 609  Beverly Hills, CA 90210  310-396-7714  ",,helmerfriedman.com ,info@helmerfriedman.com ,,,Ken Helmer ,all areas *No unsolicited material ,,
40,"IRELL & MANELLA, LLP"," 1800 Ave. of the Stars, Ste. 900  Los Angeles, CA 90067  310-277-1010 Fax 310-203-7199  ",,irell.com ,info@irell.com ,,,,," 840 Newport Center Dr., Ste. 400  Newport Beach, CA 92660-6324  949-760-0991 Fax 949-760-5200 ",
41,"ISAACMAN, KAUFMAN & PAINTER, LOWY & ZUCKER"," 1100 Glendon Ave  Los Angeles, CA 90024  310-881-6800  ",,ikplaw.com ,info@ikplaw.com *No unsolicited material ,,,,,,
42,"JACKOWAY, TYERMAN, WERTHEIMER, AUSTEN, MANDEL-"," BAUM, & MORRIS & KLEIN  1925 Century Park E., Ste. 2200  Los Angeles, CA 90067  310-553-0305  *No unsolicited material ",,,,,,,,,
43,JAY L. COOPER," (Greenberg Traurig LLP)  1840 Century Park E., Ste. 1900  Los Angeles, CA 90067  310-586-7700  ",,gtlaw.com ,cooper@gtlaw.com ,,,,"entertainment law and copyright, 30 offices worldwide ",,
44,"JEFFREY L. GRAUBART, P.C."," P.O. Box 130      Gualala, CA 95445  626-304-2800  ",,entertainmentlaw.la ,info@jlgraubart.com ,,,,copyrights and litigation *Unsolicited material accepted ,,
45,"JOHNSON & JOHNSON, LLP"," 439 N. Canon Dr., Ste. 200  Beverly Hills, CA 90210  310-975-1080  ",,jjllplaw.com ,njohnson@jjllplaw.com ,,,Neville L. Johnson ,litigation and contracts *No unsolicited material ,,
46,"JONATHAN STEIN, LAW OFFICES OF"," 5050 Laguna Blvd.  Suite 112-325  Elk Grove, CA. 95758  916-247-6868  ",,jonathangstein.com/contact *No unsolicited material ,,,,,,,
47,"KATTEN, MUCHIN, ROSENMAN, LLP"," 2029 Century Park E., Ste. 2600  Los Angeles, CA 90067  310-788-4400. 310-788-4627  ",,kattenlaw.com ,zia.modabber@kattenlaw.com or michael.hobel@ katten.com  ,,,"Zia F. Modabber or Michael S. Hobel Speciality: Intellectual Property, Entrepreneurial Ventures,  Copyrights, Trademarks  ",," 515 South Flower Street, Suite 4150  Los Angeles, CA 90071  213-443-9000  100 Spectrum Center Drive  Suite 1050  Irvine, CA 92618  714-966-6819 ",
48,KEATS GATIEN LLP," 120 El Camino Drive, Ste. 207  Beverly Hills, CA 90212  424-302-0692  ",,keatsgatien.com ,"tony@keatsgatien.com, IP@KeatsGatien.com  ",,,"Tony Keats, Conrad Gatien ","Intellectual Property, Rights of Publicity, Litigation",,
49,"KENOFF & MACHTINGER, LLP"," 312 S. Beverly Dr.  #6344  Beverly Hills, CA 90212  310-552-0808 ext, 207  ",,entertainmentlawla.com ,jkenoff@entertainmentlawla.com ,,,,"contracts, litigation *No unsolicited material, no shopping  "," 1801 Century Park E  Los Angeles, CA 90067 ",
50,"KING, HOLMES, PATERNO & BERLINER, LLP"," 1900 Ave. of the Stars, 25th Fl.  Los Angeles, CA 90067  310-282-8989  ",,khpblaw.com ,,,,,Entertainment Music Law,,
51,"KLEINBERG, LANGE, CUDDY, CARLO, LLP"," 1801 Century Park East  24th Floor  Los Angeles, CA 90067  310-286-9696  ",,kleinberglange.com ,,,,,contracts and publishing *No unsolicited material ,,
52,KLINEDINST ATTORNEYS," 777 S. Figueroa St., Ste. 4000  Los Angeles, CA 90017  213-442-7000  ",,klinedinstlaw.com ,DAgle@KlinedinstLaw.com ,,,Daniel S. Agle,,,
53,"LAIRD & SOBEL, LLP"," 9255 Sunset Blvd., Ste. 800  Los Angeles, CA 90069  310-274-6184  ",,elsentlaw.com ,sobel@elsentlaw.com ,,,,all areas except demo shopping *No unsolicited material ,,
54,"LAPOLT LAW, PC"," 9000 Sunset Blvd., Ste. 800  West Hollywood, CA 90069  310-858-0922  ",,lapoltlaw.com ,inquiry@lapoltlaw.com ,,,Dina LaPolt ,"All areas relating to music, film, television, merchandising and book publishing. ",,
55,"LEE RUDNICKI, LAW OFFICES OF"," 9595 Wilshire Blvd., Ste. 900  Beverly Hills, CA 90212  310-300-8407  ",,drumlaw80.com ,drumlaw80@gmail.com ,,,,"music, film and television",,
56,YU LESEBERG," A Professional Law Group  1645 Vine Street  Penthouse 1002  Los Angeles, CA 9028  310-286-7667  ",,yuleseberg.com ,,,,"Helen Yu, Esq ","Music, Film, Television, Copyright, High Level Corporate Transactions ",,
57,"LEWIS, BRISBOIS, BISGAARD & SMITH, LLP"," 633 W. 5th St., Ste. 4000  Los Angeles, CA 90071  213-250-1800, 213-580-6312  ",,lewisbrisbois.com ,Jonathan.Pink@lewisbrisbois.com ,,,Jonathan Pink ,Entertainment Law *No unsolicited materials ,,
58,"LICHTER, GROSSMAN, NICHOLS, ADLER & FELDMAN"," 9200 Sunset Blvd., Ste. 1200  Los Angeles, CA 90069  ",,lgna.com 310-205-6999  *No unsolicited material ,info@lgna.com ,,,,,,
59,"LOEB & LOEB, LLP"," 10100 Santa Monica Blvd., Ste. 2200  Los Angeles, CA 90067  310-282-2135  ",,loeb.com ,jfrankenheimer@loeb.com ,,,John T. Frankenheimer ,All areas of music & entertainment,,
60,"MANATT, PHELPS & PHILLIPS"," 2049 Century Park East, Suite 1700  Los Angeles, CA 90067  310-312-4000  ",,manatt.com ,,,,,all areas *No unsolicited material  ," 695 Town Center Dr., 14th Fl.  Costa Mesa, CA 92626  714-371-2500  One Embarcadero Center, 30th Fl.  San Francisco, CA 94111  415-291-7400  1215 K St., Ste. 1900  Sacramento, CA 95814  916-552-2300  203 Redwood Shores Parkway  Suite 450  Redwood City, CA 94065  650-812-1300 ",
61,"MATTHEW JAY WARREN, ESQ."," Law Offices of Clinton & Clinton  100 Oceangate Blvd., Ste. 1400  Long Beach, CA 90802  562-216-5000  ",,mcphersonrane.com *No unsolicited material ,firm@mcphersonrane.com ,,,,"contracts, negotiation *Unsolicited material accepted  McPHERSON & ASSOCIATES  Los Angeles, CA  310-553-8833  ",,
62,MICHAEL MACHAT," 8730 W. Sunset Blvd, Suite 250  West Hollywood, CA  90069  310-860-1833  ",,machatlaw.com ,michael@machatlaw.com ,,,,all areas,,
63,MICHAEL R. MORRIS," Valensi Rose PLC  1888 Century Park E., Ste. 1100  Los Angeles, CA 90067  310-277-8011  ",,vrmlaw.com ,mrm@vrmlaw.com ,,,,"Full-service music law, including recording, producer, production company and soundtrack agreements,  master use and synchronization licenses; artist and label  representation; entertainment tax law  *Unsolicited materials on a very selective basis ",,
64,"MORGAN LEWIS & BOCKIUS, LLP"," 300 South Grand Ave., 22nd Fl.  Los Angeles, CA 90071  213-612-7208  ",,morganlewis.com ,brian.rocca@morganlewis.com,,,Brian Rocca ,," 2049 Century Park East, Ste. 700  Los Angeles, CA 90067  310-255-9111  ",
65,MORRIS MUSIC LAW," 475 Washington Blvd.  Marina del Rey, CA 90292  310-439-3737  ",,morrismusiclaw.com ,Jesse@morrismusiclaw.com ,,,"Jesse E. Morris, Attorney at Law ","Contract drafting, advising, negotiations, copyright law,  publishing and recording agreements ",,
66,"MUSIC ATTORNEY, LEGAL & BUSINESS AFFAIRS", REGISTRY  818-570-3374  ,,musicregistry.com ,info@musicregistry.com ,,,Ritch Esra,,,
67,MYMAN GREENSPAN FOX ROSENBERG MOBASSER," YOUNGER & LIGHT LLP  11601 Wilshire Blvd., Ste. 2200  Los Angeles, CA 90025  310-231-0800  ",,mymangreenspan.com ,,,,,all areas *No unsolicited material ,,
68,"NEAL TABACHNICK, ESQ."," Wolf, Rifkin, Shapiro, Schulman & Rabkin, LLP  11400 W. Olympic Blvd., 9th Fl.  Los Angeles, CA 90064-1557  310-478-4100  ",,wrslawyers.com/neal-tabachnick *Does not shop material ,ntabachnick@wrslawyers.com ,,,,,,
69,NED MENOYO," EEM Law, PC  15915 Ventura Blvd.  PH One  Encino, CA 91436  844-336-5291  ",,eem-law.com,info@eemlawpc.com ,,,,,,
70,NOLAN HEIMANN," 16000 Ventura Blvd, Ste. 1200  Encino, CA 91436  818-574-5710  ",,nolanheimann.com ,info@nolanheimann.com ,,,,Music and Entertainment Law,,
71,OMELVENY & MYERS," 400 S. Hope St.  Los Angeles, CA 90071-2899  213-430-6000  ",,omm.com *No unsolicited material  ,,,,,," 610 Newport Center Drive  17th Floor  Newport Beach, CA 92660  949-823-6900  1999 Avenue of the Stars  8th Fl.  Los Angeles, CA 90067  310-553-6700  2 Embarcadero Center  28th Floor  San Francisco, CA 94111  415-984-8700 ",
72,PERKINS COIE," 1888 Century Park E., Ste. 1700  Los Angeles, CA 90067-1721  310-788-3224  ",,perkinscoie.com ,LNess@perkinscoie.com ,,,"Lowell D. Ness 11452 El Camino Real  Suite 300  San Diego, CA 92130  858-720-5700 ","Trademark Law, Intellectual Property "," 633 W. 5th Street, Suite 5850  Los Angeles, CA 90071  310-788-9900  505 Howard St., Ste. 1000  San Francisco, CA 94105  415-344-7168  ",
73,"PIERCE LAW GROUP, LLP"," 9440 Santa Monica Blvd., Ste. 301  Beverly Hills, CA 90210  310-274-9191 800- 875-0756, Fax 310-274-9151  ",,piercelawgroupllp.com ,,,,David Albert Pierce ,"contracts *No unsolicited material accepted, no shopping. ",,
74,"PILLSBURY WINTHROP SHAW  PITTMAN, LLP"," Four Embarcadero Center, 22nd Fl.  San Francisco, CA 94111  415-983-1000, 415-983-1976  ",,pillsburylaw.com ,roxane.polidora@pillsburylaw.com ,,,"Roxanne, A. Polidora ","All areas, including intellectual property and technology  *No unsolicited material  "," 725 South Figueroa Street  Suite 2800  Los Angeles, CA 90017  213-488-7100  500 Capitol Mall  Suite 1800  Sacramento, CA 95814  916-329-4700  501 West Broadway  Suite 1100  San Diego, CA 92101  619-234-5000  North San Diego County  11682 El Camino Real  Suite 200  San Diego, CA 92130 USA  858-509-4000  Silicon Valley  2550 Hanover St  Palo Alto, CA  94304  650-233-4500 ",
75,"PROSKAUER, ROSE, LLP"," 2029 Century Park E. Suite 2400  Los Angeles, CA 90067  310-284-4525  ",,proskauer.com ,scrawshaw@proskauer.com ,,,Sandra A. Crawshaw-Sparks ,practice limited to litigation of commercial and entertainment related disputes  *No unsolicited material ,,
76,"PRYOR CASHMAN, LLP"," 1801 Century Park East  Los Angeles, CA 90067  310-683-6900 Fax 310-943-3397  ",,pryorcashman.com ,jsammataro@pryorcashman.com ,,,James G. Sammataro ,"Entertainment Law, Music Law, Intellectual Property, Litigation ",,
77,RACHEL STILWELL," Law Offices of Rachel Stilwell  26565 West Agoura Rd., Ste. #200  Calabasas, CA 91302  818-330-6819  ",,rmslawoffices.com,rachel@rmslawoffices.com ,,,,,,
78,RANDAL NEAL COHEN," 12100 Wilshire Blvd., Ste. 1250  Los Angeles, CA 90025  310-826-8082, 800-718-4658  ",,,Randall@Music-Attorney.com ,,,,all areas except demo shopping. *Unsolicited material accepted ,,
79,"REBEL ROY STEINER, JR."," Loeb & Loeb LLP  10100 Santa Monica Blvd., Ste. 2200  Los Angeles, CA 90067  310-282-2051  ",,loeb.com/en ,rsteiner@loeb.com ,,,Rebel Roy Steiner. jr ,Entertainment Law,,
80,"REED SMITH, LLP"," 1901 Ave. of the Stars, Ste. 700  Los Angeles, CA 90067  310-734-5287  ",,reedsmith.com ,lgasparetti@reedsmith.com,,,Lorenzo E. Gasparetti ,," 355 S. Grand Ave., Ste. 2900  Los Angeles, CA 90071  213-457-8038  ",
81,"RICHARD JOSEPH,"," LAW OFFICES OF  8383 Wilshire Blvd., Ste. 341  Beverly Hills, CA 90211  310-782-1776  ",,rnjlawgroup.com ,rjoseph@rjml.net ,,,,All areas of music law. *No unsolicited material ,,
82,SALLY KOENIG," Koenig Law Offices  Los Angeles, CA  310-984-1225  ",,koeniglawla.com ,koeniglaw@mac.com ,,,,"Artist and label representation in all areas. Draft and negotiate agreements.  *Unsolicited material accepted, email for permission ",,
83,"SINDEE LEVIN, ESQ."," 556 S. Fair Oaks Ave. #332  Pasadena, CA 91105  310-440-8778  ",,entertainmentestatelawyer.com ,info@entertainmentstatelawyer.com ,,,,Music and Entertainment Law *No Unsolicited materials accepted ,,
84,SNELL & WILMER," Two California Plaza  350 S. Grand Ave., Ste.3100  Los Angeles, CA 90071  213-929-2500  Fax 213-929-2525  ",,swlaw.com ,info@swlaw.com ,,,,Intellectual Property ," Plaza Tower  600 Anton Blvd., Ste. 1400  Costa Mesa, CA 92626-7689  714-427-7000 Fax 714-427-7799 ",
85,"STEPHEN E. SESSA, ESQ."," Reed Smith, LLP  1901 Ave. of the Stars, Ste. 700  Los Angeles, CA  90067  310-734-5426  ",,reedsmith.com ,ssessa@reedsmith.com ,,,Stephen E. Sessa,,,
86,"STEVEN R. LOWY ISAACMAN, KAUFMAN & PAINTER,  LOWY & ZUCKER  ",1100 Glendon Ave.  Suite 1500  310-881-6800  ,,ikplaw.com,info@ikplaw.com ,,,,,,
87,"TYLER & WILSON, LLP"," 5455 Wilshire Blvd., Ste. 1925  Los Angeles, CA 90036  323-655-7180  ",,tyler-law.com ,inquiries@tyler-law.com ,,,Christine J. Wilson ,Music and Business Law,,
88,VICTOROFF & ASSOCIATES," 11911 San Vicente Blvd.  Los Angeles, CA 90049  310-207-8999  ",,victoroff-law.com ,greg@rohde-victoroff.com ,,,Greg Victoroff ,all areas *Unsolicited material accepted ,,
89,"WESTON, GARROU, MOONEY"," 12121 Wilshire Blvd., Ste. 525  Los Angeles, CA 90025  310-442-0072  ",,wgdlaw.com ,,,,Jerome H. Mooney ,"Music Law, Entertainment Law",,
90,"MARCUS WIGGINS, ESQ"," 900 Fulton Avenue, Suite 132  Sacramento CA 95825  (916) 834-8000  ",,wigginsmse.com ,info@wigginsmse.com ,,,,"Music Law, Sports Law, Entertainment Law, Intellectual Property, Licensing, Copyrights, Clearances  Im here to help ",,
91,"YORN, LEVINE, BARNES, KRINTZMAN, RUBENSTEIN,  KOHNER, ENDLICH & GELLMAN  ","1999 Avenue of the Stars, 4th Floor  Los Angeles, CA 90067  ",,morrisyorn.com 310-319-3900 ,,,,,,,
92,"ZIFFREN, BRITTENHAM,  LLP"," 1801 Century Park W.  Los Angeles, CA 90067  310-552-3388 Fax 310-553-7068  ",,ziffrenlaw.com ,info@ziffrenlaw.com ,,,,all areas *No unsolicited material ,,
93,"CLINE, WILLIAMS, WRIGHT, JOHNSON &  OLDFATHER, LLP "," 221 E. Mountain  Suite 240  Fort Collins, CO 80524  970-221-2637  ",,clinewilliams.com ,,,,,Intellectual Property and Technology Law,,
94,HOLLAND & HART," 555 17th St., Ste. 3200  Denver, CO 80202-3979  303-295-8000, 303-295-8187  ",,hollandhart.com ,mabell@hollandhart.com ,,,Matthew Abell ,Intellectual Property ," 600 East Main Street  Suite 104  Aspen, CO 81611  970-925-3476  1800 Broadway  Suite 300  Boulder, CO 80302  303-473-2700 ",
95,"LEYENDECKER & LEMIRE, LLC"," 9350 E. Arapahoe Rd.  Suite 300  Greenwood Village, CO 80112  720-773-7620  ",,coloradoiplaw.com ,info@coloradoiplaw.com ,,,,"Copyright Law, Trademark Law, Intellectual Property ",,
96,PERKINS COIE," 1900 16th St., Ste. 1400  Denver, CO 80202-5255  303-291-2314 Fax 303-291-2400  ",,perkinscoie.com ,SAllison@perkinscoie.com ,,,Garland (Sonny) W. Allison ,"Trademark Law, Intellectual Property",,
97,SNELL & WILMER," 1200 17th St., Ste. 1900  Denver, CO 80202-5854  303-634-2000 Fax 303-634-2020  ",,swlaw.com ,info@swlaw.com ,,,,Intellectual Property,,
98,CACACE TUSCH & SANTAGATA," 1111 Summer St.  Stamford, CT 06905  203-327-2000  ",,lawcts.com ,,,,,Intellectual Property,,
99,OHLANDT GREELEY RUGGIERO &," PERLE, LLP  One Landmark Sq., 10th Fl.  Stamford, CT 06901-2682  203-327-4500  ",,ogpip.com ,info@ogrp.com ,,,,Intellectual Property,,
100,"ST. ONGE STEWARD JOHNSTON & REENS, LLC"," 986 Bedford St.  Stamford, CT 06905  203-324-6155  Fax 203-327-1096  ",,ssjr.com ,info@ssjr.com ,,,,Intellectual Property,,
101,"ADAMS AND REESE, LLP"," 20 F St., N.W., Ste. 500  Washington, DC 20001  202-737-3234  ",,adamsandreese.com ,,,,,"Entertainment Law, Music Law, Intellectual Property ",,
102,"BERLINER, CORCORAN & ROWE"," 1101 17th St. N.W., Ste. 1100  Washington, DC 20036  202-293-5555  ",,bcr.us ,bcr@bcr.us ,,,,"Entertainment Law, Copyright Law and Internet Law ",,
103,"EDSEL M. BROWN, JR. ESQ"," Law office of Edsel M. Brown, Jr. PLLC  1629 K Street, NW  Suite 300  Washington, D.C. 20006  202-329-1520  ",,edselmbrownjrlaw.com,emb@edselmbrownjrlaw.com ,,,,,,
104,"MANATT, PHELPS & PHILLIPS"," 1050 Connecticut Ave., N.W., Ste. 600  Washington, DC 20036  202-585-6500  ",,manatt.com ,,,,,all areas,,
105,"PROSKAUER, ROSE, LLP"," 1001 Pennsylvania Ave.,  N.W., Ste. 400 S.  Washington, DC 20004-2533  202-416-6800, 202-416-5850  ",,proskauer.com ,tbellapianta@proskauer.com ,,,,practice limited to litigation of commercial and entertainment related disputes  *No unsolicited material ,,
106,STEPTOE & JOHNSON," 1330 Connecticut Ave., N.W.  Washington, DC 20036  202-429-6749, 202-429-3000  ",,steptoe.com ,mallan@steptoe.com ,,,Michael J. Allan ,Contracts and Intellectual Property,,
107,"VENABLE, LLP"," 600 Massachusetts Ave, NW  Washington, DC 200041  202-344-4000 Fax 202-344-8300  ",,venable.com ,,,,,Intellectual Property,,
108,"FISH & RICHARDSON, PC"," 222 Delaware Ave., 17th Fl.  P.O. Box 1114  Wilmington, DE 19899-1114  302-652-5070  ",,fr.com ,,,,,Intellectual Property,,
109,ALLEN L. JACOBI," 11077 Biscayne Blvd., Ste. 200  Miami, FL 33161  305-893-2007  ",,allenjacobilaw.com ,,,,,All entertainment-related services,,
110,GRIMES LLC," 8890 Terrene Court Unit 102  Bonita Springs, FL 34145  239-330-9000  ",,gandb.com ,,,,,"Entertainment, branding, trademarks, copy- rights, licensing, and litigation ",,
111,"PROSKAUER, ROSE, LLP"," 2255 Glades Rd., Ste. 421 Atrium  Boca Raton, FL 33431-7360  561-241-7400, 561-995-4777  ",,proskauer.com ,dpratt@proskauer.com ,,,David Pratt ,practice limited to litigation of commercial and entertainment related disputes  *No unsolicited material ,,
112,"PRYOR CASHMAN, LLP"," 255 Alhambra Circle  8th Floor  Miami, FL 33134  786-582-3003 Fax 786-582-3004  ",,pryorcashman.com ,jsammataro@pryorcashman.com ,,,James G. Sammataro ,"Entertainment Law, Music Law, Intellectual Property, Litigation ",,
114,"TALENTED TENTH CONSULTING & LEGAL SERVICES, PLLC"," 1415 W. Cypress Creek Road  Suite 300  Fort Lauderdale, FL  33309  754-800-5291 Fax 754-999-2140  ",,talentedtenthlaw.com ,adumas@talentedtenthlaw.com ,,,"Antoine Dumas, Esq. ","Contract drafting, dispute and negotiation, trademarks, copyright, publishing, licensing, business  consulting, touring, recording, royalties calculations, Film  and TV law, full-service litigation. ",,
115,"ALAN S. CLARKE, LAW OFFICES OF"," 1230 Peachtree Street NE  Suite 1900  Atlanta, GA 30309  404-816-9800 Fax 404-816-0555  ",,gmlaw.com/attorneys/alan-s-clarke ,alan.clarke@gmlaw.com ,,,Alan Clarke ,Intellectual Property,,
116,"FREED HOWARD, LLC"," 101 Marietta St.  Ste. 3600  Atlanta, GA 30303  470-839-9300  ",,freedgrant.com ,info@freedgrant.com ,,,,"Entertainment Law, Music Law, Film/TV Law, Copyrights ",,
117,HOLLAND & KNIGHT," 1180 W. Peachtree St., Ste. 1800  Atlanta, GA 30309  404-817-8500, 404-817-8585  ",,hklaw.com ,allen.maines@hklaw.com ,,,J. Allen Allen Maines ,"Entertainment Law, Contract Law",,
118,MINTER & ASSOCIATES," 5398 E. Mountain St.  Stone Mountain, GA 30083  770-879-7400 Fax 770-879-5695  ",,kendallminteresq.com ,kamlaw@aol.com ,,,Kendall Minter ,"Entertainment Law, Intellectual Property",,
119,BAKER HOSTETLER," 1170 Peachtree St., N.E., Ste. 2400  Atlanta, GA 30309-7676  404-459-0050  ",,bakerlaw.com ,jjones@bakerlaw.com ,,,Joann Gallagher Jones ,Intellectual Property,,
120,"YEMANE CLARKE, ATTORNEY"," 5863 Redan Rd.  Stone Mountain, GA 30088  770-450-8003  ",,clarkelegal.com ,,,,Yemane Clarke ,Intellectual Property,,
121,"HAWLEY, TROXELL, ENNIS & HAWLEY, LLP"," 877 Main St., Ste. 200  Boise, ID 83702  208-344-6000  ",,hawleytroxell.com ,info@hawleytroxell.com ,,,,Intellectual Property ," P.O. Box 3804  Coeur dAlene, ID 83816  208-667-1300  333 S. Main Street, Suite 200  Pocatello, ID 83204  208-233-2001  2010 Jennie Lee Dr.  Idaho Falls, ID 83404  208-529-3005 ",
122,"PEDERSEN AND COMPANY, PLLC"," 1410 N. 28th St.  Boise, ID 83703  208-343-6355  ",,patentattorneyidaho.com ,ip@pedersenco.com ,,,Ken J. Pedersen or Barbara S. Pedersen ,Intellectual Property,,
123,PERKINS COIE," 1111 W. Jefferson St., Ste. 500  Boise, ID 83702-5391  208-343-3434 Fax 208-343-3232  ",,perkinscoie.com ,RMaynard@perkinscoie.com ,,,Robert A. Maynard ,"Trademark Law, Intellectual Property",,
124,"PARSONS, BEHLE & LATIMER"," 800 W. Main St., #1300  Boise, ID 83706  208-562-4900 Fax 208-562-4901  ",,parsonsbehle.com ,rjohnson@personsbehle.com ,,,Rexford A. Johnson ,"Intellectual Property Litigation, Patents, Trade- marks and Copyrights ",,
125,"BRIAN A. ROSENBLATT, ATTORNEY AT LAW  BRYCE DOWNEY & LENKOV LLC  ","30 N. Lasalle St., Ste. 3600  312-377-1501, 312-327-0056  Chicago, IL 60601  ",,bdlfirm.com ,brosenblatt@bdlfirm.com ,,,,"Entertainment Law, Intellectual Property, Litigation ",,
126,HUSCH BLACKWELL," 120 S. Riverside Plaza, Ste. 2200  Chicago, IL 60606  312-655-1500, 312-526-1643  ",,huschblackwell.com ,daan.erikson@huschblackwell.com ,,,Daan G. Erikson ,"Entertainment and Media, Intellectual Property",,
127,"JAY B. ROSS & ASSOCIATES, PC"," 842 W. Grand Ave.  Chicago, IL 60642-6565  312-633-9000  ",,jaybross.com ,music_law@msn.com ,,,Jay B. Ross ,Entertainment Law,,
128,"KATTEN, MUCHIN & ROSENMAN"," 525 W. Monroe St.  Chicago, IL 60661  312-902-5200, 312-902-5296  ",,kattenlaw.com ,Kristin.achterhof@kattenlaw.com ,,,Kristin J. Achterhof ,"Trademark, Copyright, Entertainment Litigation",,
129,"LOEB & LOEB, LLP"," 321 N. Clark, Ste. 2300  Chicago, IL 60654  312-464-3144  ",,loeb.com ,dmasters@loeb.com ,,,Douglas N. Masters ,all areas,,
130,"MANDELL MENKES, LLC"," 333 W. Wacker Drive  Suite 450  Chicago, IL 60606  312-251-1000, 312-251-1016  ",,mandellmenkes.com ,pstrand@mandellmenkes.com ,,,Peter Strand ,"Media, Entertainment and First Amendment Intellectual Property ",,
131,PERKINS COIE," 110 North Wacker Drive  34th Floor  Chicago, IL 60606  312-324-8400  ",,perkinscoie.com ,CWilson@perkinscoie.com ,,,Christopher (Chris) B. Wilson ,"Trademark Law, Intellectual Property",,
132,"SMITH AMUNDSEN, LLC"," 150 N. Michigan Ave., Ste. 3300  Chicago, IL 60601  312-894-3200  ",,salawus.com ,lschechtman@salawus.com ,,,"Larry A. Schechtman, Partner, Brian Rosenblatt ","Ent., Media, Privacy, and Intellectual Property",,
133,"BARNES & THORNBURG, LLP"," 11 S. Meridian St.  Indianapolis, IN 46204-3535  317-231-7313  ",,btlaw.com ,shawn.bauer@btlaw.com ,,,Shawn D. Bauer ,Intellectual Property,,
134,"LEWIS & KAPPES, PC"," One American Sq., Ste. 2500  Indianapolis, IN 46282-0003  317-639-1210  ",,lewis-kappes.com ,trichardson@lewis-kappes.com ,,,Todd Richardson ,Intellectual Property,,
135,"MCKEE, VOORHEES & SEASE, PLC"," 801 Grand Ave., Ste. 3200  Des Moines, IA 50309-2721  515-288-3667 Ext. 5961  ",,ipmvs.com ,,,,Brandon W. Clark ,"Entertainment Law, Trademarks, Copyrights",,
136,"ZARLEY LAW FIRM, PLC"," Capital Sq.  580 MARKET STREET, SUITE 101  WEST DES MOINES, IOWA 50266  515-558-0200  ",,zarleylaw.com ,info@zarleylaw.com ,,,,Intellectual Property,,
137,"FLEESON, GOOING  ATTORNEYS AT LAW  ","1900 Epic Center  301 N. Main St.  Wichita, KS 67202  316-267-7361  ",,fleeson.com ,kmeyerhoff@fleeson.com ,,,Kent A. Meyerhoff ,Intellectual Property,,
138,"FOULSTON SIEFKIN, LLP"," 1551 N. Waterfront Pkwy., Ste. 100  Wichita, KS 67206-4466  316-267-6371  ",,foulston.com ,bmatthews@foulston.com ,,,"William (Bill) P. Matthews, Partner ",Intellectual Property ," 822 S. Kansas Ave., Ste. 200  Topeka, KS 66612  785-233-3600 Fax 785-233-1610  7500 College Boulevard, Sute 1400  Overland Park, KS 66210  913-498-2100 Fax 913-498-2101 ",
139,"LYNCH, COX, GILMAN & GOODMAN"," 500 W. Jefferson St., Ste. 2100  Louisville, KY 40202  502-589-4215  ",,lynchcoxlaw.com ,atty@lcgandm.com ,,,,Intellectual Property,,
140,"ADAMS AND REESE, LLP"," One Shell Sq.  701 Poydras St., Ste. 4500  New Orleans, LA 70139  504.581.3234  ",,adamsandreese.com ,willliam.shea@arlaw.com ,,,William D. Shea,"Entertainment Law, Music Law, Intellectual Property  "," 450 Laurel St., Ste. 1900  Baton Rouge, LA 70801  225-378-3244  ",
141,"EATON PEABODY, PA"," 80 Exchange St.  Bangor, ME 04401  207-947-0111 Fax 207-942-3040  ",,eatonpeabody.com ,,,,,Intellectual Property ," 77 Sewall St., Ste. 3000  Augusta, ME 04330  207-622-3747 Fax 207-622-9732  167 Park Row  P.O. Box 9  Brunswick, ME 04011  207-729-1144 Fax 207-729-1140  204 Main St.  Ellsworth, ME 04605  207-664-2900  100 Middle St.  P.O. Box 15235  Portland, ME 04112  207-274-5266 ",
142,"RUDMAN & WINCHELL, LLC"," 84 Harlow St.  P.O. Box 1401  Bangor, ME 04402-1401  207-947-4501, 207-992-2412  ",,rudmanwinchell.com ,apellegrini@rudmanwinchell.com ,,,Anthony D. Pellegrini ,Intellectual Property & Copyright Law ,,
143,LARRY J. GUFFEY," 502 Washington Ave., Ste. 605  Towson, MD 21204  410-659-9550  ",,guffeylaw.com/index.htm ,larry@GuffeyLaw.com ,,,,"Intellectual Property, Trademark and Patents "," 94 Narod Blvd.  Water Mill, NY 11976  631-237-4891 ",
144,VENABLE LLP," 750 East Pratt Street  Suite 900  Baltimore, MD 21202  410-244-7400, 410-244-7859  ",,venable.com,ajlynn@Venable.com ,,,Ashleigh J. F. Lynn ,,,
145,MARYLAND VOLUNTEER LAWYERS SERVICE," 201 N. Charles St., Ste. 1400  Baltimore, MD 21201  410-539-6800, 800-510-0050  ",,mvlslaw.org,info@mvlslaw.org ,,,,,,
146,"VENABLE, LLP"," 750 E. Pratt St., Ste. 900  Baltimore, MD 21202  410-244-7400 Fax 410-244-7742  ",,venable.com ,,,,,Intellectual Property ," 210 West Pennsylvania Ave, Ste. 500  Towson, MD 21204  410-494-6200 ",
147,"BURNS & LEVINSON, LLP"," 125 Summer St.  Boston, MA 02110  617-345-3000 Fax 617-345-3299  ",,burnslev.com ,,,,,"Music Law, Litigation "," 600 Cordwainer Drive  Suite 201  Norwell, MA. 02061  617-345-3000  69 Park St.  Andover, MA 018110  978-474-4700  93 Worcester Street  Wellesley, MA 02481  617-345-3000 ",
148,"CESARI & MCKENNA, LLP"," One Liberty Square, Suite 310  Boston, MA 022109  617-951-2500  ",,c-m.com ,,,,,Intellectual Property,,
149,PATTI JONES ATTORNEY AT LAW," 20 Park Plaza  Boston, MA 02116  617-948-2193  ",,pattijones.com ,patti@pattijones.com ,,,Patti Jones ,"music, literary publishing, media and independent film ",,
150,"PROSKAUER, ROSE, LLP"," One International Pl., 14th Fl.  Boston, MA 02110-2600  617-526-9600, 617-526-9851  ",,proskauer.com ,janderson@proskauer.com ,,,James Anderson ,practice limited to litigation of commercial and entertainment related disputes  *No unsolicited material ,,
151,"WOLF, GREENFIELD & SACKS, PC"," 600 Atlantic Ave. 23rd Fl.  Boston, MA 02210-2206  617-646-8000 Fax 617-646-8646  ",,wolfgreenfield.com ,,,,,"Trademark, Copyright",,
152,"FOLEY & LARDER, LLP"," One Detroit Center  500 Woodward Ave., Ste. 2700  Detroit, MI 48226-3489  313-234-7100 Fax 313-234-2800  ",,foley.com ,,,,,Intellectual Property,,
153,HERTZ SCHRAM," 1760 S. Telegraph Rd., Ste. 300  Bloomfield Hills, MI 48302  248-609-3146, 866-775-5987  ",,hertzschram.com ,,,,Howard Hertz ,"Entertainment Law, Contracts, Litigation "," Chrysler House  645 Griswold  Suite 2200  Detroit, MI 48226  313-960-8237, 866-775-5987 ",
154,"HONIGMAN MILLER SCHWARTZ & COHN, LLP"," 315 E. Eisenhower Pkwy., Ste. 100  Ann Arbor, MI 48108  734-418-4264  ",,honigman.com ,jobrien@honigman.com ,,,"Jonathan P. OBrien, Ph.D., Partner 2290 First National Building  660 Woodward Ave.  Detroit, MI 48226  313-465-7000  39400 Woodward Ave., Suite 101  Bloomfield Hills, MI 48304  248-566-8300  650 Trade Centre Way, Suite 200  Kalamazoo, MI 49002  269-337-7700  200 Ottawa Ave., NW, Suite 700  Grand Rapids, MI 49503  616-649-1900  222 N. Washington Sq, Suite 400  Lansing, MI 48933  517-484-8282 ",Intellectual Property Litigation ," 350 E. Michigan Ave., Ste. 300  Kalamazoo, MI 49007  269-337-7704 Fax 269-337-7705  ",
155,"JAFFE, RAITT, HEUER & WEISS"," 28 W. Adams Ave., Ste. 1500  Detroit, MI 48226  313-800-6500  ",,jaffelaw.com ,,,,,Intellectual Property ," 27777 Franklin Rd., Ste. 2500  Southfield, MI 48034  248-351-3000 ",
156,"REISING, ETHINGTON, PC"," 755 W. Big Beaver Rd., Ste. 1850  Troy, MI 48084  248-689-3500 Fax 248-689-4071  ",,reising.com ,,,,,Intellectual Property Law,,
157,"DORSEY & WHITNEY, LLP"," 50 S. 6th St., Ste. 1500  Minneapolis, MN 55402-1498  612-340-5681 Fax 952-516-5585  ",,dorsey.com ,rosenbaum.robert@dorsey.com ,,,Robert A. Rosenbaum ,Intellectual Property,,
158,"KENNETH ABDO, PARTNER"," Entertainment Law and More  Fox Rothschild LLP  City Center  33 S. Sixth Street, Suite 3600  Minneapolis, MN 55402  612-607-7063  Direct  ",,foxrothschild.com,kabdo@foxrothschild.com ,,,,,,
159,LOMMEN ABDO," 1000 International Centre  920 2nd Ave. S.1000  Minneapolis, MN 55402  800-752-4297, 612-339-8131  ",,lommen.com ,,612-339-8064 ,,,"Music Law, Entertainment Law",,
160,"PATTERSON THUENTE, IP"," 4800 IDS Center  80 S. 8th St.  Minneapolis, MN 55402-2100  612-361-0309, 612-349-3010  ",,ptslaw.com ,biasco@ptslaw.com ,,,Tye Biasco ,Entertainment Law,,
161,"BRUNINI, GRANTHAM, GROWER & HEWES, PLLC"," The Pinnacle Building, Ste. 100  190 E. Capitol St.  Jackson, MS 39201  601-948-3101, 601-960-6890  ",,Brunini.com ,scarmody@brunini.com ,,,Stephen J. Carmody ,"Intellectual Property, Litigation, Media and Advertising ",,
162,"SPENCER, FANE, BRITT & BROWNE"," 1000 Walnut St., Ste. 1400  Kansas City, MO 64106  816-292-8150, 816-474-8100  ",,spencerfane.com ,kelliott@spencerfane.com ,,,Kyle L. Elliott ,"Entertainment Law, Intellectual Property",,
163,"ANTOINETTE M. TEASE, PLLC"," 175 N. 27th St., Ste. 1902  Billings, MT 59101  406-294-9000, 406-591-3689  ",,teaselaw.com ,toni@teaselaw.com ,,,Antoinette M. Tease ,Intellectual Property and Technology Law,,
164,"CROWLEY, FLECK, LLP"," 490 N. 31st St., Ste. 500  Billings, MT 59101  406-252-3441  ",,crowleyfleck.com ,rgriffin@crowleyfleck.com ,,,Bob Griffin,,,
165,"DORSEY & WHITNEY, LLP"," 125 Bank St., Ste. 600  Missoula, MT 59802-4407  406-721-6025  ",,dorsey.com ,bell.steve@dorsey.com ,,,Steve D. Bell ,Intellectual Property,,
166,"WORDEN THANE, PC"," 321 W Broadway  Suite 300  Missoula MT 59802  866-758-3444, 406-721-3400  ",,wordenthane.com ,,,,,"Copyright, Trademarks",,
167,"ABRAHAMS, KASLOW  & CASSMAN, LLP  8712 W. ","Dodge Rd., Ste. 300  Omaha, NE 68114  402-392-1250 Fax 402-392-0816  ",,akclaw.com ,,,,,Intellectual Property,,
168,"CLINE, WILLIAMS, WRIGHT, JOHNSON &  OLDFATHER, LLP  ","12910 Pierce St., Ste. 200  Omaha, NE 68144  402-474-6900, 402-397-1700  ",,clinewilliams.com ,jmiles@clinewilliams.com ,,,John C. Miles ,Intellectual Property & Technology Law  ," 233 S. 13th St., Ste. 1900  Lincoln, NE 68508  402-474-6900  1207 M Street  PO Box 510  Aurora, NE 68818  402-694-6314 ",
169,"HOUGHTON BRADFORD  WHITTED PC, LLO "," 6457 Frances Street, Suite 100  Omaha, NE  68106  402-344-4000, 402-930-1009  ",,houghtonbradford.com ,,,,David A. Houghton ,Intellectual Property,,
170,"KUTAK ROCK, LLP"," The Omaha Building  1650 Farnam St.  Omaha, NE 68102-2186  402-346-6000 Fax 402-346-1148  ",,kutakrock.com ,,,,,Intellectual Property,,
171,"BROWNSTEIN, HYATT, FARBER, SCHRECK"," 100 N. City Pkwy., Ste. 1600  Las Vegas, NV 89106  702-382-2101  ",,bhfs.com ,,,,,Intellectual Property ," 5520 Kietzke Lane,  Suite 110  Reno, NV 89511  775-324-4100  206 S. Carson Street  Carson City, NV 89701  775-398-3838 ",
172,"MARIO F. GONZALEZ, ESQ."," 2780 So. Jones Blvd. #200-3383,  Las Vegas NV 89146  818-707-3894, 818-383-9359  ",,mgonzalezlaw.com ,mario@mgonzalezlaw.com ,,,,music attorney,,
173,"GREENBERG, TRAURIG"," 10845 Griffith Peak Drive  Las Vegas, NV 89135  702-792-3773  ",,gtlaw.com ,,,,,Entertainment and intellectual properties,,
174,"PARSONS, BEHLE & LATIMER"," 50 W. Liberty St., Ste. 750  Reno, NV  89501  775-323-1601  ",,parsonsbehle.com ,,,,,"Intellectual Property Litigation, Patents, Trademarks and Copyrights ",,
175,SNELL & WILMER," 3883 Howard Hughes Pkwy., Ste. 1100  Las Vegas, NV 89169-5958  702-784-5200  ",,swlaw.com ,,,,,Intellectual Property ," 50 W. Liberty St., Ste. 510  Reno, NV 89511  775-785-5440 ",
176,"WEIDE & MILLER, LTD"," 10655 Park Run Drive  Suite 100  Las Vegas, NV 89144  702-382-4804 Fax 702-382-4805  ",,weidemiller.com ,mail@weidemiller.com ,,,,Intellectual property and technology law,,
177,"GALLAGHER, CALLAHAN & GARTRELL, PC"," 214 N. Main St.  Concord, NH 03302-1415  603-228-1181, 800-528-1181  ",,gcglaw.com ,cline@gcglaw.com ,,,Peter Cline ,"Intellectual property, Entertainment Law",,
178,"MAINE, CERNOTA & RARDIN"," 547 Amherst St., 3rd Fl.  Nashua, NH 03063-4000  603-886-6100  ",,mcr-ip.com ,info@mcr-ip.com ,,,,Intellectual property,,
179,"SHAHEEN & GORDON, PA"," 180 Bridge Street  Manchester, NH 031014  603-635-4099  ",,shaheengordon.com ,,,,,"Trademark, Copyrights "," 107 Storrs St.  Concord, NH 03302  603-819-4231  191 Main Street  Nashua, NH 03060  603-605-8144  353 Central Avenue  Suite 200  Dover, NH 03820  603-871-4144 ",
180,JEKIELKE & JANIS LLP," 26 Park St.  Suite 2045  Montclair, NJ 07042  212-686-7008  ",,jj-lawyers.com ,jon@jj.lawyers.com ,,,Jon Jekielek ,Entertainment Law,,
181,"MCCARTER & ENGLISH, LLP"," 100 Mulberry St.  Newark, NJ 07102  973-622-4444 Fax 973-624-7070  ",,mccarter.com ,info@mccarter.com ,,,,"Litigation, Intellectual Property, Trademark, Copyright, Contracts ",,
182,PAUL B. UNGAR," 90 Washington Valley Road  Bedminster, NJ 07921  732-692-4286  ",,paulbungar.com ,paul@paulbungar.com ,,,Paul Ungar ,"Entertainment Law, Intellectual Property, Trademark, Copyright ",,
183,PEACOCK LAW," 201 Third Street, NW  Suite 1340  Albuquerque, NM 87102  ",,"peacocklaw.com 877-998-1506, 505-998-1500 ",,,,,,,
184,ASSOCIATION OF THE BAR OF THE CITY OF N.Y.," 42 W. 44th St.  New York, NY 10036  212-626-7373, 800-342-3661  ",,nycbar.org,,,,,,,
185,"BELDOCK, LEVINE & HOFFMAN"," 99 Park Ave., 26th Fl.  New York, NY 10016  212-490-0400  ",,blhny.com ,pmatorin@blhny.com ,,,Peter Matorin ,"Entertainment Law, Intellectual Property",,
186,"CHRISTOPHER HOYT, ESQ."," The Hoyt Law Group, LLC  30 Wall St., 8th Fl.  New York, NY 10005  212-268-3414  ",,cwhesq.com ,info@cwhesq.com ,,,,Entertainment and Business Law *No unsolicited material ,,
187,"CODISPOTI & MANCINELLI, LAW OFFICES OF"," 111 John St., Ste. 800  New York, NY 10038  212-791-9453  ",,codispotilaw.com ,bruno@codispotilaw.com ,,,Bruno Codispoti ,Entertainment Law ," 81 Court Street  5th Floor  Brooklyn, NY 11201  212-791-9453, 212-962-6525 ",
188,"WALLACE E. J. COLLINS III, ESQ"," 250 E. 39th St., Ste. 9K  New York, NY 10016  212-661-3656  ",,wallacecollins.com ,wallace@wallacecollins.com ,,,Wallace Collins ,Entertainment and Intellectual Property,,
189,"COWAN, DEBAETS, ABRAHAMS & SHEPPARD, LLP"," 41 Madison Ave., 38th Fl.  New York, NY 10010  212-974-7474 Fax 212-974-8474  ",,cdas.com ,info@cdas.com ,,,,Entertainment Law ," 9454 Wilshire Blvd., Ste. 901  Beverly Hills, CA 90212  310-340-6334 ",
190,"DAVIS, SHAPIRO, LEWIT, GRABEL, LEVIN,"," GRANDERSON & BLAKE  414 W. 14th St., 5th Fl.  New York, NY 10014  212-230-5500  ",,davisshapiro.com ,info@davisshapiro.com ,,,,Entertainment Law,,
191,"DAVIS WRIGHT TREMAINE, LLP"," 1251 Ave. of the Americas, 21st Fl.  New York, NY 10020-1104  212-489-8230, 212-603-6433  ",,dwt.com ,allienicholson@dwt.com ,,,"Alexandra Nicholson, Partner ",Entertainment Law,,
192,"DORSEY & WHITNEY, LLP"," 51 W. 52nd St.  New York, NY 10019-6119  212-415-9200, 212-415-9269  ",,dorsey.com ,Edelman.sandra@dorsey.com ,,,Sandra Edelman ,Intellectual Property,,
193,FOSTER GARVEY PC," 100 Wall St., 20th Fl.  New York, NY 10005-3708  212-431-8700  ",,foster.com ,,,,,Entertainment Law,,
194,"GEORGE T. GILBERT, ATTORNEY AT LAW"," 74 W. 68th St., Ste. 9B  New York, NY 10023  212-677-2001, 917-817-4819  ",,linkedin.com/in/georgegilbert ,,,,,"Intellectual Property, Entertainment law with focus on the music industry, literary, television and film.  Trademark and Copyright ",,
195,"GEORGE STEIN, LAW OFFICES OF"," 270 Madison Ave., Ste. 1410  New York, NY 10016  212-683-5320 Fax 212-686-2182  ",,georgesteinlaw.com ,georgestein@earthlink.net ,,,George Stein ,"Entertainment Law, Music Law, Copyrights",,
196,"GOTTLIEB, RACKMAN & REISMAN"," 270 Madison Ave., 8th Fl.  New York, NY 10016  212-684-3900 Fax 212-684-3999  ",,grr.com ,arubenstein@grr.com ,,,Allen I. Rubenstein ,Entertainment Law,,
197,GREENBERG TRAURIG," One Vanderbilt Avenue  New York, NY 10017  212-801-9200 212-801-6781  ",,gtlaw.com ,Kanusherl@gtlaw.com ,,,Laurence A. Kanusher ,Music Law & Entertainment Law,,
198,HEYMAN LAW," 355 8th Avenue, Suite 5H  New York, NY 10001  212-414-9522  ",,heylaw.com ,info@heylaw.com ,,,,"Entertainment Law, Copyright, Trademark, New Media ",,
199,"JEFFREY GANDEL,  LAW OFFICES OF  ","1623 3rd Ave., Ste. 22A  New York, NY 10128  212-289-0709 Fax 212-289-0686  ",,gandellaw.com ,jeff@gandellaw.com ,,,Jeffrey Gandel ,"Music Law, Film Law, Litigation",,
200,"THE JACOBSON FIRM, P.C."," 347 5th Ave., Ste. #810  New York, NY 10016  212-683-2001  ",,jacobsonfirm.com,info@jacobsonfirm.com ,,,,,,
201,JOEL BROOKS & ASSOCIATES PC," 25 S. Service Rd., Ste. 240  Jericho, NY 11753  516-338-0533  ",,,,,,Joel Brooks ,Music Law,,
202,"KATTEN, MUCHIN & ROSENMAN, LLP"," 50 Rockefeller Plaza  New York, NY 10020  212-940-8800, 212-940-8776  ",,katten.com ,karen.ash@katten.com ,,,Karen Artz Ash ,Intellectual Property,,
203,KIA LAW FIRM," 149 Madison Ave., Ste. #1105  New York, NY 10016  212-679-4200 Fax 212-679-4155  ",,kialawfirm.com ,info@kialawfirm.com ,,,,Entertainment Law,,
204,"LEVINSOHN ASSOCIATES, P.C.333"," 333 Westchester Avenue  Suite E1101  White Plains, NY 10604  212-262-1000  ",,entlawfirm.com ,assistant@entlawfirm.com ,,,,I.P. and Copyright,,
205,"LOEB & LOEB, LLP"," 345 Park Ave.  New York, NY 10154-1895  212-407-4000, 212-407-4990  ",,loeb.com ,lruckel@loeb.com ,,,Laurie S. Ruckel ,all areas,,
206,"MANATT, PHELPS & PHILLIPS"," 7 Times Sq.  New York, NY 10036  212-790-4500 Fax 212-790-4545  ",,manatt.com ,,,,,all areas ," 136 State St., Ste. 300  Albany, NY 12207  518-431-6700 Fax 518-431-6767 ",
207,MARIA SCHEURING," 34 E. Main Street, Ste. 196  Smithtown, NY 11787  631-360-0226  ",,mselawyer.com ,MariaS@mselawyer.com ,,,"Maria Scheuring, Owner ","Music Law, Negotiation, Contracts, Band Agreements, Music Publishing and Licensing. Litigation for  Musicians, Music Merchants, Promoters and Venues ",,
208,"MARVIN KATZ, LAW OFFICES OF"," 1325 Avenue of the Americas  27th Floor  New York, NY 10022  212-486-6001 Fax 212-486-4608  ",,mkatzlaw.net ,marvin@mkatzlaw.net ,,,Marvin Katz ,"Contracts, Mergers, Acquisitions, Music Publishing ",,
209,MATTHEW L. KLETTER," Law Office of Matthew L. Kletter, PLLC  Tarrytown, NY  914-681-5191, 914-844-5766  ",,linkedin.com/in/mkletter ,mkletter@msn.com ,,,Matthew Kletter ,Entertainment Law,,
210,"ROBERT S. MELONI, P.C."," 3 Columbus Cir., 15th Fl.  New York, NY 10019  212-520-6090  ",,m2lawgroup.com ,rmeloni@m2lawgroup.com ,,,Robert S. Meloni ,Entertainment and I.P. Litigation,,
211,"PELOSI, WOLF, SPATES, LLP"," 50 Broad Street, Suite 1609  New York, NY 10279  212-334-4801 212-334-3599  ",,pwes.com ,,,,John Pelosi ,"Entertainment, Music Law, Intellectual Property",,
212,PERKINS COIE," 1155 Avenue of the Americas  22nd Floor  New York, NY 10036-2711  212-262-6900  ",,perkinscoie.com ,,,,,"Trademark Law, Intellectual Property",,
213,"PROSKAUER, ROSE, LLP"," Eleven Times Square  (8th Ave. & 41st St.)  New York, NY 10036-8299  212-969-3000  ",,proskauer.com ,,,,,practice limited to litigation of commercial and entertainment related disputes  *No unsolicited material ,,
214,"PRYOR CASHMAN, LLP"," 7 Times Square  40th Floor  New York, NY 10036  212-421-4100 Fax 212-326-0806  ",,pryorcashman.com ,"fscibilia@pryorcashman.com, bsemel@pryorcashman.com  ",,,"Frank P. Scibilia, Benjamin K. Semel ","Entertainment Law, Music Law, Intellectual Property, Litigation ",,
215,"RENZULLI LAW FIRM, LLP"," One North Broad, Suite 1005  White Plains, NY 10601  914-285-0790  ",,renzullilaw.com,jrenzulli@renzullilaw.com ,,,John F. Renzulli ,,,
216,"RITHOLZ LEVY SANDERS CHIDEKEL & FIELDS, LLP"," 235 Park Ave. S., 3rd Fl.  New York, NY 10003  212-448-1800  ",,rlscf.com ,hello@rlscf.com ,,,,Entertainment Law ," 10940 Wilshire Blvd., Ste. 1600  Los Angeles, CA 90024  310-443-4176  131 South 11th Street  Nashville, TN 37206  615-250-3939 ",
217,"ROBERT A. CELESTIN, ESQ."," 1650 Broadway, #505  New York, NY 10019  212-262-1103  ",,raclawfirm.com ,,,,Robert A. Celestin ,Entertainment Law,,
218,ROBINSON BROG LEINWAND GREENE GENOVESE," AND GLUCK, PC  875 3rd Ave. 9th Fl.  New York, NY 10022  212-603-6300  ",,robinsonbrog.com ,info@robinsonbrog.com ,,,,"Entertainment Law, Music Law, Indie Label Consulting, Contracts ",,
219,"RUBIN & BAILIN, LLP"," Marc Bailin, Esq  501 Madison Avenue  New York, NY 10022  212-829-8920  ",,,,,,,Music Law,,
220,"SENDROFF & BARUCH, LLP"," 1500 Broadway, Ste. 2201  New York, NY 10036  212-840-6400 Fax 212-840-6401  ",,sendroffbaruch.com ,msendroff@sendroff.com ,,,Mark Sendroff ,Entertainment Law,,
221,"SERLING, ROOKS, HUNTER, MCKOY, WOROB & AVERILL LLP  "," 119 5th Ave., 3rd Fl.  New York, NY 10003  212-245-7300  ",,serlingrooks.com ,,,,Joseph Lloyd Serling ,"Entertainment Law, Music Law",,
222,HERBSMAN HAFER WEBER & FRISCH LLP," 494 8th Ave., 6th Fl.  New York, NY 10001  212-245-4580 Fax 212-956-6471  ",,musiclaw.com ,info@musiclaw.com ,,,Jonas Herbsman ,"Entertainment Law, Copyrights, Contracts",,
223,SLOSS ECKHOUSE BRENNAN LAW CO.," 26 Broadway  14th Floor  New York, NY 10004  212-627-9898  ",,slosslaw.com ,office@slosslaw.com ,,,Johns Sloss ,Entertainment Law,,
224,"STAIRS, DILLENBECK, FINLEY"," 200 Park Ave. S., Ste. 511  New York, NY 10003  212-697-2700 Fax 212-687-3523  ",,sdfm.nyc ,stairs@stairsdillenbeck.com ,,,,Entertainment Law,,
225,VOLUNTEER LAWYERS FOR THE ARTS," 729 7th Avenue Suite 1401  New York, NY 10019  212-319-2787 Ext. 1  ",,vlany.org ,registrations@vlany.org ,,,Elena M. Paul ,Pro Bono legal services for artists,,
226,GERBER LAW FIRM," 102 West Third Street,  Suite 480  Winston-Salem, NC 27101  336-773-1324  ",,gerberlawfirm.net ,agerber@gerberlawfirm.net ,,,Andrew Gerber ,"Entertainment Law, Contracts, Copyright and trademark law, Business Planning ",,
227,"NEUSTEL LAW OFFICES, LTD"," 2534 S. University Dr., Ste. 4  Fargo, ND 58103  701-281-8822, 800-280-1711  ",,neustel.com ,info@neustel.com ,,,,Intellectual Property,,
228,VOGEL LAW FIRM," 218 North Pacific Ave.  P.O. Box 1389  Fargo, ND 58107-1389  866-771-9930  ",,vogellaw.com ,,,,,Intellectual Property ," 200 N. 3rd St., Ste. 201  Bismarck, ND 58502-2097  701-214-4393 ",
229,BENESCH ATTORNEYS AT LAW," 127 Public Sq., Ste. 4900  Cleveland, OH 44114  216-363-4151  ",,beneschlaw.com ,mavsec@beneschlaw.com ,,,Mark E. Avsec ,Intellectual Property,,
230,BRICKER & ECKLER," 100 S. 3rd St.  Columbus, OH 43215  614-227-2300 Fax 614-227-2390  ",,bricker.com ,Jknight@bricker.com ,,,Jeff Knith ,Intellectual Property ," 1350 Euclid Avenu  Suite 650  Cleveland, OH 44115  216-523-5405 Fax 216-523-7071 ",
231,ABINGTON INTELLECTUAL PROPERTY LAW &," CONSUMER CLASS ACTIONS  320 S. Boston Ave., Ste. 1130  Tulsa, OK 74103  918-588-3400 800-969-6570  ",,abingtonlaw.com ,info@abingtonlaw.com ,,,,Copyrights,,
232,PERKINS COIE," 1120 N.W. Couch St., 10th Fl.  Portland, OR 97209-4128  503-727-2000, 503-727-2116  ",,perkinscoie.com ,BBeel@perkinscoie.com ,,,"Bryan D. Beel, Ph.D. Counsel ","Trademark Law, Intellectual Property",,
233,"PETER VAUGHAN SHAVER, ESQ. SOUND ADVICE, LLC"," Creative Legal Services  3939 N.E. Hancock St., Ste. 308  Portland, OR 97212  503-473-8252  ",,pdxsa.com ,pv@pdxsa.com ,,,Peter Vaughan Shaver ,"Art & Entertainment Law, contracts, publishing, recording deals ",,
234,"SEAN CLANCY LAW, LLC"," 621 SW Morrison Street  Suite 900  Portland, OR  97205  971-251-0152  ",,seanclancylaw.com ,,,"1819 S.W. 5th Ave., #125 Portland, OR 97201 ",Sean Clancy ,Intellectual Property Law ,,
235,"BALLARD SPAHR, LLP"," 1735 Market St., 51st Fl.  Philadelphia, PA 19103-7599  215-665-8500, 215-864-8109  ",,ballardspahr.com ,rzoncal@ballardspahr.com ,,,"Lynn E. Rzonca, Chair ",Intellectual Property,,
236,"BERNARD MAX RESNICK, ESQ. PC"," 2 Bala Plaza, Ste. 300  Bala Cynwyd, PA 19004  610-660-7774 Fax 610-668-0574  ",,bernardresnick.com ,bmresnick@gmail.com ,,,Bernard Resnick ,Entertainment Law/Music Publishing,,
237,"CAESAR, RIVISE, BERNSTEIN, COHEN &  POKOTILOW, LTD  ","1635 Market St., 12th Fl.  Philadelphia, PA 19103-2212  215-567-2010 Fax 215-751-1142  ",,crbcp.com ,gatekeeper@crbcp.com ,,,,"Intellectual Property, Computer and Information Technology Law  "," 6081 Hamilton Blvd, Suite 600  Allentown, Pennsylvania, 18106  610-255-7551 ",
238,COZZA LAW GROUP PLLC," 400 Holiday Drive, Suite 210 Pittsburgh, PA 15220  ",412-701-6184 ,cozzalaw.com ,rcozza@cozzalaw.com ,,,"Rocco E. Cozza, Esq. ","Entertainment Law, IP Law, Business & Contract Law ",,
239,"DOVAS LAW, PC"," 307 Bainbridge St.  Philadelphia, PA 19147  267-940-7725 Fax 267-295-6078  ",,dovaslaw.com ,info@dovaslaw.com ,,,,Intellectual Property,,
240,"ASH KERNEN, ESQ"," Kernen Law  1627 N. 2nd St. Ste. 123  Philadelphia, PA 19122  215-399-0404  ",,KernenLaw.com ,info@kernenlaw.com ,,,,"Music Law, Entertainment Law, Trademarks, Copyrights  *No unsolicited material accepted ",,
241,"STEPHEN E. VANYO, ESQ."," Associate, Law Offices of Lloyd Z. Remick  One Liberty Place, 1650 Market Street, 56th Floor  Philadelphia, PA 19103  (215) 575-3820 ",,,"stephen.zanemgmt@gmail.com, vanyo@braverlaw.com ",,,,,,
242,ADLER POLLOCK & SHEEHAN PC," One Citizens Plaza, 8th Fl.  Providence, RI 02903-1345  401-274-7200 Fax 401-751-0604  ",,apslaw.com ,pcampellone@apslaw.com ,,,Paul A. Campellone ,Intellectual Property ," 49 Bellevue Avenue  Newport, RI 02840  401-847-1919 ",
243,BURR & FORMAN LLP," 100 Calhoun St., Ste. 400  Charleston, SC 29401  843-723-7831 Fax 843-722-3227  ",,burr.com ,,,,,Intellectual Property ," The Plaza at Belfair  4 Clarks Summit Dr., Ste. 200  Bluffton, SC 29910  843-815-2171  1221 Main Street, Suite 1800  Columbia, SC 29201  803-799-9800  Poinsett Plaza  104 South Main Street, Suite 700  Greenville, SC 29601  864-271-4940  Shelter Cove Executive Park  23-B Shelter Cove Lane, Suite 400  Hilton Head Island, SC 29928  843-785-2171  Founders Centre  2411 Oak Street, Suite 206  Myrtle Beach, SC 29577  843-444-1107 ",
244,"DORITY & MANNING, PA"," Two Liberty Sq.  75 Beattie Pl., Ste. 1100  Greenville, SC 29601  864-271-1592, 800-815-6705  ",,dority-manning.com ,jmb@dority-manning.com ,,,James M. Bagarazzi ,Intellectual Property Law,,
245,MOORE & VAN ALLEN," 78 Wentworth St.  Charleston, SC 29401-3535  843-579-7000  ",,mvalaw.com ,,,,,Intellectual Property,,
246,Additional location::," 100 N. Tryon St., Ste. 4700  Charlotte, NC 28202-4003  704-331-1000 ",,,,,,,,,
247,"DAVENPORT, EVANS, HURWITZ & SMITH, LLP"," 206 W. 14th St.  P.O. Box 1030  Sioux Falls, SD 5701  605-336-2880  ",,dehs.com,info@dehs.com ,,,,,,
248,"WOODS, FULLER, SHULTZ & SMITH, P.C."," 300 S. Phillips Ave., Ste. 300  Sioux Falls, SD 57104  605-336-3890  ",,woodsfuller.com ,Jim.Wiederrich@WoodsFuller.com ,,,James M. Wiederrich ,," 2301 Research Park, Ste. 225  Brookings, SD 67006  605-336-3890  815 N.Main Avenue,  Suite 2  Sioux Center, IA 51250  712-722-5300  1201 S. 2nd Ave, Ste. 1  Sheldon, IA 51201  712-631-4056 ",
249,"ADAMS AND REESE, LLP"," 1600 West End Avenue  Suite 1400  Nashville, TN 37203  615-259-1450, 615-259-1452  ",,adamsandreese.com ,phil.kirkpatrick@arlaw.com ,,,Philip M. Kirkpatrick,"Entertainment Law, Music Law, Intellectual Property  "," Crescent Center  6075 Poplar Ave., Ste. 700  Memphis, TN 38119  615-525-3234  ",
250,ESKRIDGE & ESKRIDGE LAW FIRM PC," 119 So. Main St., Ste. 500  Memphis, TN 38103  901-522-9600  ",,eskridgefirm.com ,info@eskridgefirm.com ,,,Janelle R. Eskridge ,"Entertainment Law, Trademark, Copyright",,
251,FARRAR & BATES," 12 Cadillac Drive  Suite 480  Brentwood, TN 37027  615-254-3060  ",,farrar-bates.com ,info@farrar-bates.com ,,,Russ Farrar ,"Entertainment Law, I.P./Copyright",,
252,GORDON LAW GROUP," 105 Westpark Dr.  Ste 350  Brentwood, TN. 37027  615-933-2435  ",,gordonlawgroup.com ,robin@gordonlawgroup.com ,,,Robin J. Gordon ,"Contracts, Copyrights, Litigation",,
253,KING & BALLOW," 315 Union St., Ste. 1100  Nashville, TN 37201  615-259-3456, 615-726-5422  ",,kingballow.com ,rbusch@kingballow.com ,,,Richard Busch ,"Entertainment Law, Trademarks, Copyrights",,
254,"LOEB & LOEB, LLP"," 35 Music Sq. E., Ste. 310  Nashville, TN 37203  615-749-8300, 615-749-8312  ",,loeb.com ,dcrownover@loeb.com ,,,Derek Crownover ,all areas,,
255,"MILOM, HORSNELL, CROW,"," ROSE, KELLEY  3310 W. End Ave., Ste. 610  Nashville, TN 37203  615-255-6161 Fax 615-254-4490  ",,milomlaw.com ,info@milomlaw.com ,,,David S. Crow ,Entertainment Law,,
256,RICHARD D. ROSE," Mailing address:  P.O. Box 40871  Nashville, TN 37204  615-330-7673  ",,copyrightcafe.com,hello@copyrightcafe.com ,,,Richard D. Rose,"Entertainment, Internet, Copyrights, Trademark, Clearance ",,
258,"SHACKELFORD, BOWEN,  MCKINLEY & NORTON, LLP  ","1 Music Circle South  Suite 300  Nashville, TN 37203  615-329-4440  ",,shackelford.law/groups/nashville ,,,,,"Entertainment Law, Contracts",,
259,SHRUM & ASSOCIATES," 1222 16th Ave., S, Ste. 23  Nashville, TN 37212  615-338-5130  ",,barryshrum.com ,info@shrumlaw.com ,,,Barry Neil Shrum ,"Entertainment Law, Intellectual Property, Trademarks, Copyrights ",,
260,"AL STAEHELY, JR.,  LAW OFFICES OF  ",713-528-6946  ,,music-lawyer.com ,al@music-lawyer.com ,,,"Al Staehely, Jr. ",Entertainment Law,,
261,"AMY E. MITCHELL,  ATTORNEY, MEDIATOR, COUNSELOR AT LAW  ","4408 Spicewood Springs Rd.  Austin, TX 78759  512-505-0845  ",,amyemitchell.com,law@amyemitchell.com ,,,Amy E. Mitchell,Entertainment Law,,
263,"CRAIG BARKER, P.C., LAW OFFICE OF"," 401 Congress Ave., Ste. 1540  Austin, TX 78701  512-494-0777  ",,craigbarkerlaw.com ,craig@craigbarkerlaw.com ,,,Craig Barker ,Entertainment Law,,
264,"DAVID W. SHOWALTER,  LAW OFFICES OF  ","1117 FM 359 Rd., Ste. 200  Richmond, TX 77406  888-627-4042, 281-762-6872  ",,showalterlaw.com ,info@showalterlaw.com ,,,David Showalter ,," 701 South Adams  Fredericksburg, TX. 78624 ",
265,"DECKER, JONES, MCMACKIN,  MCCLANE, HALL & BATES  ","Burnett Plaza  801 Cherry St., Ste. 2000, Unit 46  Fort Worth, TX 76102  817-336-2400 817-429-5260  ",,deckerjones.com,,,,,"Entertainment Law, Intellectual Property",,
267,"FRITZ, BYRNE, HEAD, & FITZPATRICK"," 221 W. 6th St., Ste. 960  Austin, TX 78701  ",,fritzbyrne.law ,info@fbhh.com ,,,,"Litigation, Contracts, Copyright, Intellectual Property  "," 800 N. Shoreline, Suite 2000S  Corpus Christi, TX 78401  361-883-1500 ",
268,"GRAVES, DOUGHERTY, HEARON, & MOODY, P.C."," 401 Congress, Ste. 2200  Austin, TX 78701  512-480-5600  ",,gdhm.com ,gdhm@gdhm.com ,,,,"Intellectual Property, Entertainment Law",,
269,"MICHAEL NORMAN SALEMAN, LAW OFFICES OF"," 100 Congress Ave., 11th Fl.  Austin, TX  512-263-5932 Fax 512-263-5929  ",,movielaw.net ,saleman@movielaw.net ,,,Michael Saleman ,Entertainment Law,,
270,MIKE TOLLESON & ASSOCIATES," 2106 E. Martin Luther King Jr. Blvd.  Austin, TX 78702  512-480-8822 Fax 512-479-6212  ",,miketolleson.com ,mike@miketolleson.com ,,,Mike Tolleson ,Entertainment Law,,
271,PERKINS COIE," 500 N. Akard St., Ste. 3300  Dallas, TX 75201  214-965-7700, 214-965-7799  ",,perkinscoie.com ,jlewis@perkinscoie.com ,,,Jill B. Ness ,Trademark Law,,
272,"ROBERT R. CARTER, JR."," P.O. Box 1441  Austin, TX 78767  512-304-5275  ",,robertrcarter.com/about ,RobertRCarterJr@gmail.com ,,,"Robert R. Carter, Jr. ",Entertainment Law,,
273,TEXAS ACCOUNTANTS & LAWYERS FOR THE ARTS," P.O. Box 144722  Austin, TX 78714  512-459-8252  ",,,info@talarts.org ,,,,Non-profit organization provides legal services for artists ,,
274,"UNDERWOOD, PERKINS, PC"," 5420 LBJ Fwy.  Two Lincoln Centre, Ste. 1900  Dallas, TX 75240  972-661-5114 Fax 972-661-5691  ",,underwoodperkins.com,info@underwoodperkins.com ,,,Evan Fogelman,Entertainment Law and Intellectual Property,,
276,PARR BROWN GEE & LOVELESS," 101 South 200 East, Suite 700  Salt Lake City, UT 84111  801-532-7840  ",,parrbrown.com ,manderson@parrbrown.com ,801-532-7750 ,,Michael S. Anderson ,"Full-Service Entertainment Law, including Music Law, Film & TV Law, Intellectual Property, Contracts,  Litigation ",,
277,"PARSONS, BEHLE & LATIMER"," 201 S. Main St., Ste. 1800  Salt Lake City, UT  84111  801-532-1234, Fax 801-536-6111  ",,parsonsbehle.com ,rjohnson@parsonsbehle.com ,,,Rexford A. Johnson ,Intellectual Property Litigation,,
278,"DORSEY & WHITNEY, LLP"," 111 South Main St., Ste. 2100  Salt Lake City, UT 84111  801-933-7360, 801-933-8958  ",,dorsey.com ,benevento.bryon@dorsey ,,,Bryon Benevento ,Intellectual Property,,
279,SNELL & WILMER," 15 W. S. Temple, Ste. 1200  Salt Lake City, UT 84101-1531  801-257-1900 Fax 801-257-1800  ",,swlaw.com ,info@swlaw.com ,,,,Intellectual Property,,
280,THORPE NORTH & WESTERN," 8180 S. 700 E., Ste. 350  Sandy, UT 84070  801-566-6633 Fax 801-566-0750  ",,tnw.com ,patlaw@tnw.com ,,,,Intellectual Property,,
281,"DOWNS RACHLIN MARTIN, PLLC"," 199 Main St. Suite #600  P.O. Box 190  Burlington, VT 05402-0190  802-863-2375 Fax 802-862-7512  ",,drm.com ,info@drm.com ,,,,Intellectual Property ," 132 Main Street  Suite 212  Brattleboro, VT 05301  802-258-3070 ",
282,"PRIMMER PIPER EGGLESTON & CRAMER, PC"," 30 Main St., Ste. 500  P.O. Box 1489  Burlington, VT 05402-1489  802-864-0880  ",,primmer.com ,jgrant@primmer.com ,,,"Jeremy S. Grant, Associate ",Intellectual Property and Technology,,
283,"VENABLE, LLP"," 1850 Towers Cres Plaza  Tysons Corner, VA 22182  703-760-1600 Fax 703-821-8949  ",,venable.com ,,,,,Intellectual Property,,
284,"DORSEY & WHITNEY, LLP"," Columbia Center  701 5th Ave., Ste. 6100  Seattle, WA 98101-4010  206-903-8800, 206-903-8791  ",,dorsey.com ,alexander.nathan@dorsey.com ,,,Nathan Alexander ,Intellectual Property,,
285,FOSTER GARVEY," 1111 Third Avenue, Suite 3000  Seattle, WA 98101  206-447-4400, 206-447-6282  ",,foster.com ,ben.hodges@foster.com ,,,Benjamin Hodges ,Intellectual Property,,
286,PERKINS COIE," The PSE Building  10885 N.E. 4th St., Ste. 700  Bellevue, WA 98004  425-635-1400 425-635-1402  ",,perkinscoie.com ,MQuehrn@perkinscoie.com ,,,Markam (Mark) A. Quehrn ,"Trademark Law, Intellectual Property",,
287,"BOWLES RICE, ATTORNEYS AT LAW"," University Town Centre  125 Granville Square, Suite 400  Morgantown, WV 26501  304-285-2500 Fax 304-285-2530  ",,bowlesrice.com ,,,,,Intellectual Property ," 101 S. Queen St.  Martinsburg, WV 25401  304-264-4200  600 Quarrier St.  Charleston, WV 25301  304-347-1100  United Square, Fifth Floor  501 Avery Street  Parkersburg, WV. 26101  304-485-8500 ",
288,FROST BROWN TODD," 500 Virginia St. East, Suite 1100  Charleston, WV 25301  304-345-0111 Fax 304-345-0115  ",,frostbrowntodd.com ,,,,,"Trademark Law, Intellectual Property",,
289,"BOARDMAN & CLARK, LLP"," 1 S. Pinckney St., Ste. 410  Madison, WI 53703  608-257-9521  ",,boardmanclark.com ,,,,,"Patents, Copyrights, Trademarks and Trade Secret Law  "," 1038 Lincoln Ave.  P.O. Box 87  Fennimore, WI 53809-0087  608-822-3251  27 W. Main St.  Belleville, WI 53508-9428  608-424-3404  141 3rd Ave. Ste. 1  P.O. Box 443  Baraboo, WI 53913-0443  608-356-3977  156 South Main St.  P.O. Box 256  Lodi, WI 53555-0258  608-592-3877  213 N. Main St., Ste. 200  P.O. Box 128  Poynette, WI 53955-0128  608-635-4324 ",
290,PERKINS COIE," 33 E. Main St., Ste. 201  Madison, WI 53703-5118  608-663-7460  ",,perkinscoie.com ,danstaett@perkinscoie.com ,,,"David L. Anstaett, Partner ","Trademark, Intellectual Property",,
291,"ROBERT P. SCHUSTER, P.C."," Attorney at Law  250 Veronica Lane, Suite 204  P.O.Box 13160  Jackson, WY 83002  307-732-7800  ",,bobschuster.com/practice-areas/intellectual- property-attorney ,info@bobschuster.com ,,,,,,