,Name,Address/Phone,Email,Web,Basic Rate,Format,Contact,Services,Clients,Additional location
0,DAUPHIN STREET SOUND,"651 Dauphin St.   Mobile, AL 36602 251-378-8028 ",info@dauphinstreetsound.com,facebook.com/dauphinstreetsound,Call or email for rates ,,,,,
1,RIVERLAND RECORDING STUDIOS,"513 Talucah Rd.   Valhermoso Springs, AL 35775 256-683-1740 ",,facebook.com/riverlandrecording,$65/hr to $80/hr. Contact us ,"Alesis HD 24, Pro Tools LE",,,,
2,SOUND OF BIRMINGHAM RECORDING,"3625 5th Ave. S.   Birmingham, AL 35222 205-595-8497 ",don@soundofbirmingham.com,soundofbirmingham.com,please call for info  ,,Don Mosley,,,
3,1ST CHOICE STUDIO,"650 N. 157th Dr.   Goodyear, AZ 85338 623-234-1787 ",info@billkeis.com,billkeis.com/producer,call for rates ,digital,Bill,,,
4,BRICK ROAD STUDIOS,"7944 E. Beck Ln., Ste. 160  Scottsdale, AZ 85260 480-788-3573 ",scott@brickroadstudio.com,brickroadstudio.com,"$500/day, $85/hr., flat rate available ",call for info,"Scott Leader, Mark DeCozio",,,
5,EPICENTRE RECORDING STUDIO,"104 E. Pierce St.   Phoenix, AZ 85004 480-270-2221 ",Joe@epicentre-recording.com,epicentre-recording.com,,24 Track Hybrid for digital and analog audio ,"Joe Bauman, Owner",,,
6,LUNA RECORDING STUDIO,"4500 E. Speedway Blvd., Ste. 86  Tucson, AZ 85712 520-260-7576 ",producer@lunarecording.com,lunarecording.com,Please contact us ,Pro Tools HD,George Nardo,,,
7,BLACKWATER RECORDING STUDIOS,"Cabot, AR 72023   501-424-9017 ",blackwat@blackwaterstudios.com,facebook.com/BlackwaterRecordingStudios,call for rates ,,Michael Sharpe,,,
8,CRYSTAL RECORDING STUDIOS,"2307 Brandon Rd.   Bryant, AR 501-681-7935 ",ray@crystalrecordingstudios.com,crystalrecordingstudios.com,please call for info ,,,,,
9,RANEY RECORDING STUDIO,"P.O. Box 17   110 S. Front St. Drasco, AR 72530-9282 870-668-3222 ",jonr@raneyrecordingstudio.com,raneyrecordingstudio.com ,,,,,,
10,25TH STREET RECORDING,"25th & Broadway   Oakland, CA 510-788-4089 ",info@25thstreetrecording.com,25thstreetrecording.com ,,,,,,
11,BLUE SEVEN AUDIO,"Central Fremont   Fremont, CA 94538 650-766-7212 ",csc@bluesevenaudio.com,facebook.com/bluesevenaudio,call for rates ,Pro Tools HD3,Chris,,,
12,THE DOCK STUDIO,"Sacramento, CA   916-403-1018 ",book@thedockstudio.com,thedockstudio.com,,See website for equipment list ,,,,
13,GULCH ALLEY STUDIO,"1407 Bush St.   San Francisco, CA 94109 415-226-9935 ",gulchalley@gmail.com,gulchalley.com ,,,,,,
14,LAUGHING TIGER,"1101 E. Francisco Blvd, Suite A   San Rafael, CA 94901 415-485-5765 ",ari@laughingtiger.com,laughingtiger.com ,,,,,,
15,MIDDLERIDGE STUDIOS,"V6 Ranch  Parkfield, CA 93451 805-610-8471 ",middleridgestudio@gmail.com,middleridgestudio.com ,,,,,,
16,PRAIRIE SUN,"P.O.Box 7084   Cotati, CA 94931 707-795-7011 ",admin@prairiesun.com,prairiesun.com ,,,,,,
17,SKYLINE STUDIOS,"5427 Telegraph Ave., Suite M  Oakland, CA 94609 510-984-2484 ",info@skylinestudios.com,skylinestudios.com ,,,,,,
18,STUDIO 132,"Oakland, CA 94611  415-601-5-77 ",info@studio132.com,studio132.com,"$100 per hour, project budgets as well",,BZ Lewis,,,
19,WORKING TITLE RECORDING STUDIOS,"863 Woodside Way  San Mateo, CA 94401 415-819-5465 ",forrest@workingtitlerecordingstudios.com,workingtitlerecordingstudios.com  ,,,,,,
20,4TH STREET RECORDING,"12114th St.   Santa Monica, CA 90401 310-395-9114 ",info@4thstreetrecording.com,4thstreetrecording.com,$75-100/hr (includes assistant or engineer),"digital and analog, 24 tracks",Kathleen Wirt,"Pro Tools and analog recording.Superb sound design, Yamaha C7 grand piano, Hammond organ w/ Leslie, Rhodes. Great drums too. ","Weezer, Daniel Caesar, Muse, Kesha, LP,The Neighbourhood, Solange, Vintage Trouble, The Beach Boys, SZA, K-Flay, Andre 3000, Chris and Rich Robinson, George Clinton, Incubus, No Doubt, Fiona Apple, Nelly Furtado, Hoobastank, Bryan Ferry, Jacks Mannequin, Jim Carrey, Steve Martin, Weird Al Yankovic, Ben Harper, Tom Freund, Andrew McMahon in The Wilderness,Kali Uchis, Betty Who, Tom Freund, Ben Harper, Billy Joe Shaver, Sly Stone. ",
21,"HOLLYWOOD, CA","A top producers private facility ready to serve you!  Great live drum room with a world class in-house drummer /ProTools HD6 (fat rig) / Neumann mic/ 5000 song experience since 1986 Los Angeles, CA 90048 323-655-0615 ",jimmy@jimmyhunter.com,jimmyhunter.com,Call for a free consultation,State of the Art Pro Tools 10 HD6,"Jimmy Hunter, owner/producer/ engineer/drummer/vocalist/vocal coach ",,"Many song with all of theseBrian Barnhouse, Bobby Barth, Stacey Evans, Ben Forat, Crimson Crout RIP, Savannah Phillips, Carl (Cix Bits) Summers, Dee Archer, Steve Warnick RIP, Dr. Gary Abrams (Dr; Alias), Ivy Lite Rocway, Carol Casey, Kozz Kosinski. Also multi song collaborations with Nick Turner and Glen Aliano.  ",
22,ABET MUSIC,"411 E. Huntington Dr., Ste. 170-372   Arcadia, CA 91006 626-303-4114 ",info@abetpublishing.com,abetmusic.com,$355/hr. ,"digital and analog, 96 tracks",Aeron Nersoya,,,
23,ADVENTURES IN MODERN RECORDING,"West Hills, CA   310-709-9645 ",amrdaniell@gmail.com,adventuresinmodernrecording.com,call for rates ,"Digital/Analog hybrid, Pro Tools",Daniell Holcomb,,,
24,ALLIED POST,"1158 26 th  St., #272  Santa Monica, CA 90404 310-392-8280 ",,alliedpost.com,call for info ,digital and analog,Woody,,,
25,ANDY CAHAN-DEMO DOCTOR,"Cathedral City, CA   818-489-4490 ",andycahan@gmail.com,allentertainment.net,please call for info ,"digital and analog, 24+ tracks",Andy,,,
26,ATRIUM MUSIC,"P.O. Box 2627   Pasadena, CA 91102 626-529-3066 ",info@atriummusic.com,atriummusic.com,call for info ,"digital HD, video-online offline/audio/mixing/mastering 5.1 ","Josh Young, Darian Cowgill",,,
27,BG2 STUDIOS @ BEAT GARAGE,"6860 Farmdale Ave   Los Angeles, CA 91605 818-358-0099 ",scott@beatgarage.com,beatgarage.com,Starting at $30/hr. Available byappointment only. Contact for more information. ,,Michael Barsimanto,"Experienced, professional engineers. Liverecording and overdubs. Music Video Production. Podcasting. Equipment list available on website. ",,"5517 Cleon Ave. North Hollywood, CA  91601  "
28,BANG ZOOM STUDIOS,"1100 North Hollywood Way   Burbank, CA 91505 818-295-3939 ",,bangzoomstudios.com,,,,,,"4720 W. Magnolia Blvd. Burbank, CA 91505 1150 W. Olive Ave. Burbank, CA 91506  "
29,BASS KING MUSIC,"13012 Haas Ave   Gardena, CA 90249 323-309-5145 ",basskingmusic@gmail.com,basskingmusicproductions.com,please call or send an email,Pro Tools,"Rudy Campbell, Charles Weathersby","record production, producing, film, andproduction deals. We accept unsolicited materials. See website for demo submission for information.  ","Christmas in Compton, Gordon (Levert) LisaFisher, Ava Cherry, Marques Houston, Mc Eiht, Shock G of Digital Undergound, Roscoe, kurupt, Mr.Tan ",
30,BIG CITY RECORDING STUDIOS,"17021 Chatsworth St.   Granada Hills, CA 91344 818-366-0995 ",paul@bigcityrecording.com,facebook.com/BigCityRecording,call for info ,Digital with analog processing,Paul,,,
31,BIG SURPRISE MUSIC,"16161 Ventura Blvd., Ste. C #522   Encino, CA. 91436 818-613-3984 ",info@carmengrillo.com,bigsurprisemusic.com,$75/hr. ,"digital, 128 tracks",Carmen Grillo,,,
32,BILL CORKERY STUDIOS,"Studio for Creative Audio   1660 Hotel Cir. N., Ste. 107 San Diego, CA 92108 619-291-8090 ",bcorkery@bcproductions.com,bcproductions.com,please call for info ,digital,Bill,,,
33,BLUE RECORDER WEST,"1709 Wilcox Ave.   Hollywood, CA 90028 424-259-3519 ",theblueroomwest@gmail.com,bluerecorders.com/west,$160/hr/$1500/day room rate only(engineer not included)  ,,,,,
34,THE BLUE ROOM RECORDING WEST,"1709 Wilcox Ave.   Hollywood, CA 90028 424-259-3519 ",theblueroomwest@gmail.com,bluerecorders.com/west ,,,,,,
35,BOLEN SOUND PRODUCTIONS,"4026 Tilden Ave   Culver City, CA 90232 310-594-6507 ",bolensoundproductions@gmail.com,bolensoundproductions.com,$75 per hour; including engineer. ,Pro Tools,Brian Bolen,,,
36,BREWERY RECORDING STUDIO, ,,,,,,,,
37,844-717-BREW,,booking@breweryrecording.com,breweryrecording.com ,,,,,,
38,CHALICE RECORDING STUDIO,"845 N. Highland Ave.  Los Angeles, CA 90038 323-957-7100  Fax 323-957-7110 ",sandra@chalicerecording.com,chalicerecording.com,please call for info ,digital and analog,,,,
39,COCKPIT STUDIO,"Avil Music Productions  21226 Ventura Blvd  #208 Woodland Hills, CA 818-397-9849 ",info@thecockpitstudio.com,thecockpitstudio.com ,,,,,,
40,COMP-NY,"Glendale, CA 91201  323-989-1176 ",info@companyhq.com,behussey.com,Contact for day rate ,"Analog/Digital, Pro Tools Hd (24 in/32out).Large Format Neotek recording console. 2 analog. 1/4 analog. ",Be Hussey,,,
41,COSTA MESA STUDIOS,"711 W. 17th St., Ste. D  Costa Mesa, CA 92627 949-515-9942 ",CMstudiosoffice@icloud.com,costamesastudios.com,please call for info ,digital and analog,,,,
42,DAVES ROOM,"8321 Lankershim Blvd.  North Hollywood, CA 818-925-6871 ",davesroombooking@gmail.com,facebook.com/DavesRoom.RecordingStudio ,,,,,,
43,DBW PRODUCTIONS,"Woodland Hills, CA 91367  818-884-0808 ",dbw@dbwproductions.com,dbwproductions.com,$75/hr. ,"digital, unlimited tracks",David Chamberlin,,,
44,DEPARTMENT OF RECORDING AND POWER,323-677-5111  ,Jason@departmentofrecordingandpower.com,departmentofrecordingandpower.com ,,,,,,
45,D.OB. SOUND,"8531 Wellsford Pl., Ste. I   Santa Fe Springs, CA 90670 562-464-9456 ",dobsound20@yahoo.com,dobsoundstudios.com,call for quote,,"Larry Ramirez, Derek OBrien","Full recording, Mixing and Mastering Studio,Video Production, 5 fully-equipped rehearsal rooms and guitar repair shop.  ",,
46,DRAGONFLY CREEK RECORDING STUDIO,"Malibu, CA 90265  310-753-2067 ",chaspol@captonemusic.net,dragonflycreekrecording.com,Call for rates,"Pro Tools HDX with 32 channels of analogI/O, Logic Pro ",Charley Pollard,Studio is located on a private ranch andoffers accommodations for bands/artists ,"Coldplay, Lady Gaga, 5sos, Bebe Rexha,Gordon Goodwin, and Neil Young.  ",
47,EARTHSTAR CREATION CENTER,"505 Rose Ave  Venice, CA 90291 310-581-1505 ",info@earthstarvenice.com,earthstarvenice.com,call or email for info ,see website for equipment list,John X Volaitis,,,
48,ECHO BAR RECORDING STUDIO,"7248 Fulton Ave.   North Hollywood, CA 91605 818-738-7320 ",info@echobarstudios.com,echobarstudios.com,call for info ,call for info,"Erik Reichers, Bob Horn",,,
49,ELEVATED AUDIO,"14677 Aetna St.  Van Nuys, CA 91411 818-909-9029 ",elevatedaudio@gmail.com,elevatedaudio.com,"call for info, no walk-ins ","Digital, Analog, or both",Fran,,,
50,ES AUDIO SERVICES,"1746 Victory Blvd.  Glendale, CA 91201 818-505-1007 ",,esaudio.com,Please call for current rates ,"Pro Tools and Logic, Analog Front End",Donny Baker,,,
51,EXPOSITION REHEARSAL & RECORDING STUDIOS,"9214 Exposition Blvd.  Los Angeles, CA 90034 310-287-1236 ",contact@expositionstudios.com,expositionstudios.com,Please Call For Rates ,,,,,
52,FEVER RECORDING STUDIOS,"Inspired. Creative. Perfectly Private.  5739 Tujunga Ave. N. Hollywood, CA91601 818-762-0707 ",contact@clearlakerecording.com,feverrecording.com,Please call to discuss a personalized quote.,"Full featured and private boutique recordingexperience.Studio 1featurestwo private lounges, private parking, and runner services. ","Reut Feldman - General Manager,  DPapapostolou  On-Site Manager, EricMilos - Owner. ",,,
53,FRIDAY ENTERTAINMENT,"Sherman Oaks, CA  818-995-4642 ",info@fridayentertainment.com,fridayentertainment.com,call for info,Digital,Sam Dress,"recording, mixing film editing, sound topicture. Great live room for jazz, folk, etc.  ",,
54,GLENWOOD PLACE STUDIOS,"619 S. Glenwood Pl.  Burbank, CA 91506 818-260-9555 ",info@glenwoodstudios.com,glenwoodstudios.com,call for info ,digital and analog,Kit Rebhun,,,
55,GOLD STREET,"Burbank, CA 91504  818-567-1911 ",avpost@goldstreet.net,goldstreetmusic.com,$1000/Song. ,"digital, 128 tracks",Eric Michael,,,
56,THE GREENE ROOM RECORDING STUDIO,"Van Nuys, CA  818-781-1144 ",,greeneroom.com ,,,,,,
57,THE GROOVE LAB,"West Hills, CA 91326  818-903-0005 ",olivierroulon@thegroovelab.org,thegroovelab.org,call for rates ,"digital, 32+ tracks",Olivier,,,
58,GROOVEWORKS STUDIO,"5536 Atlantic Ave.  Long Beach, CA 90805 310-403-5104 ",info@grooveworksstudios.com,grooveworksstudios.com,,,Rodney,"music rehearsal, audio recording, podcastand video shoots *Does not accept unsolicited material  ",,
59,HARDSHIP RECORDS,"Van Nuys, CA 91405  818-780-7845 ",HJ@hughjamesmusic.com,hughjamesmusic.com/studio,variable rates,Specializing in Grand Piano Recordings &Song Production  ,Hugh James,,,
60,HENSON RECORDING STUDIO,"1416 N. La Brea Ave.  Hollywood, CA 90028 323-856-6690 ",faryal@hensonrecording.com,hensonrecording.com,call for info ,"SSL SL 6072E/G, 4072G+, 6056/G, 9090J,Augsperger, 8 Neve ",Faryal Russell,,,
61,HUMAN ELEMENT,"(Post Studios)  453 S. Spring St. Los Angeles, CA 90013 213-232-1193 ",info@humanelement.tv,humanelement.tv,Call or email for information ,,,,,
62,INFINITESPIN RECORDS,"Sherman Oaks, CA  818-384-1451 ",info@infinitespinrecords.com,infinitespinrecords.com,"$85/hour (3 hour minimum), lock outsavailable (contact for pricing)  ",,Matt Linesch,,,
63,JUST FOR THE RECORD,"8763 Lankershim Blvd.  Sun Valley, CA 91352 747-292-1151 ",mackenzie@justfortherecord.com,justfortherecord.com/studio,call or email for info ,,"Mackenzie Coats, Studio Manager",,,
64,LAGUNA SOUND STUDIO,"381 Forrest Ave., Ste. D  Laguna Beach, CA 92651 949-395-9400 ",info@lagunasoundstudio.com,lagunasoundstudio.com,,"Logic Pro X, Pro Tools 11 ","Gary Hicks, Studio Manager",,,
65,LARRABEE SOUND STUDIOS,"4162 Lankershim Blvd.  North Hollywood, CA 91602 818-753-0717, Fax 818-753-8046 ",info@larrabeestudios.com,larrabeestudios.com,call for info ,digital and analog,"Amy Burr, Studio Manager",,,
66,MAD MUSE STUDIOS,"1015 E. 14th Street  Los Angeles, CA90021 323-685-2054 ",,madmusestudios.com,,Solid State Logic 8064G ,"Zulma Tercero, Studio Manager",,,
67,MARC DESISTO PRODUCTIONS,"Sherman Oaks, CA  818-259-4235 ",marcdesistoaudio@gmail.com,marcdesistoaudio.com,please call for info ,Pro Tools HD,Marc DeSisto,,,
68,MARTINSOUND RECORDING STUDIOS,"1151 W. Valley Blvd.  Alhambra, CA 91803 626-281-3555 ",dblessinger@martinsound.com,martinsound.com,please call for info ,"digital and analog, 32 tracks",Dan Blessinger,,,
69,MASTER GROOVE STUDIOS / RADD SOUND,"Northridge, CA  Nashville, TN 818-830-3822, 615-562-5329 ",davejavu@att.net,mastergroovestudios.com,please call for rates ,"digital, unlimited tracks",David Morse,,,
70,MEGA SOUND STUDIOS,"2789 E. Main Street  Ventura, CA 805-667-8100 ",,megasoundstudios.com ,,,,,,
71,MIX CITY MUSIC,"19410 Kilfinan St.   Porter Ranch, CA 91326 818-464-5844 ",Matt@MixCityMusic.com,MixCityMusic.com ,,,,,,
72,MIX RECORDING STUDIO,"539 S. Rampart Blvd.  Los Angeles, CA 90057 323-218-7475 ",info@mixrecordingstudio.com,mixrecordingstudio.com,"Fixed rate for session with an engineer$54/hr, without engineer $42/hr, and different engineers available for 30/35hr  ",,,,,
73,M L E STUDIOS,"P.O. Box 1014  Hollywood, CA 91356 866-246-8846 ",mail@majorlabelmusic.com,majorlabelmusic.com,$45/hr. or flat rate per song/project ,"digital/analog, Pro Tools HD2 Accel",Col. Darryl Harrelson,,,
74,NIGHTBIRD RECORDING STUDIOS,"At Sunset Marquis Hotel  1200 Alta Loma Road West Hollywood, CA 90069 310-657-8405 ",manager@nightbirdstudios.com,nightbirdstudios.com,call for prices ,Pro Tools HDX / Logic Pro,Angelo Caputo,,,
75,NRG RECORDING SERVICES,"11128 Weddington St.  North Hollywood, CA 91601 818-760-7841 ",ayex@nrgrecording.com,nrgrecording.com,Call for details ,digital and analog,,,,
76,PACIFICA STUDIOS,"2620 La Cienega Ave.  Los Angeles, CA 90034 310-559-9777 ",,,please call                                                                                                                                                                                                                                                                   ,Pro Tools,Glenn,,,
77,PARAMOUNT RECORDING STUDIOS,"6245 Santa Monica Blvd.  Los Angeles, CA 90038 323-465-4000 ",info@paramountrecording.com,paramountrecording.com,call for rates ,"digital and analog, 96+ tracks",,,,
78,PATTERN RECORDING STUDIO,"47235 W. Jefferson Blvd    Los Angeles, CA 90016 323-389-7759 ",PatternRecordingStudio@Gmail.com,PatternRecordingStudio.com,Please call or email,"ProTools, Logic, Ableton, Analog Tape",Cole Bingham (Studio Manager),"Music Production Packages, Recording,Mixing & Mastering, Production, Remote Recording, and Rehearsal Studio. Accepts unsolicited materials. See website for more information.  ","The War Toys, Loser Company, TrinidadJames, Dream Panther, The Tens, Record Year, Chris Green, Litty Kitter, Chef Mendeff. ",
79,PENGUIN RECORDING,"P.O. Box 91332   Pasadena, CA 90041 323-259-8612  Fax 323-259-8613 ",john@penguinrecording.com,penguinrecording.com,,"digital and analog, 48 tracks ",John Strother,,,
80,THE PIE STUDIOS,"Pasadena, CA  669-228-4818 ",info@thepiestudios.com,thepiestudios.com ,,,,,,
81,PEN STATION STUDIOS,"1809 Olympic Blvd.  Santa Monica, CA 90404 424-238-8800 ",info@penstation.la,penstation.la,,"ProTools, UAD, Waves, Fab Filter, SoundToys, Eventide ",Kat Neis  Studio Manager,,,
82,PRIME RIB PRODUCTIONS,"Los Angeles, CA  213-447-9658 ",phil@primeribproductins.com,primeribproductions.com ,,,,,,
83,"PRODUCTION COMPANY RECORDING,", ,,,,,,,,
84,PYRAM-AXIS PRODUCTIONS,"Redondo Beach, CA 90278  310-869-8650 ",music@pyramaxis.com,pyramaxis.com,Project Rates - Call for details. ,"ProTools HD, Logic Pro",Jim D.,"Production, Mixing, Mastering, GlobalDistribution, Remote Online ",,
85,READY MIX MUSIC,"5633 Lankershim Blvd.  North Hollywood, CA 91601 818-388-2196 ",studio@readymixmusic.com,readymixmusic.com,Call for info ,"Pro Tools & analog tape, vintage keys & gear.",Paul or Sarah,,,
86,RESONATE MUSIC & SOUND,"449 S. San Fernando Blvd.  Burbank, CA 91502 818-567-2700 ",connect@resonate.la,resonate.la,call for info ,Digital and Analog,,,,
87,"ROBERT IRVING PRODUCTIONS, INC.","Woodland Hills, CA 91367  818-384-7464 ",rirving@pacbell.net,robertirving.com,Flexible,"Digital Performer or Logic, Pro Tools",Robert,,,"Anacortes, WA  "
88,RPD STUDIOS,"1842 Burleson Ave.  Thousand Oaks, CA 91360 805-496-2585 ",rpdstudios@roadrunner.com,rpdsound.com,$50/hr. ,"digital, 192 tracks",Randy,,,
89,SANTA BARBARA SOUND DESIGN,"33 W. Haley St.   Santa Barbara, CA 93101 805-965-3404 ",dom@tekmstr.com,santabarbarasound.com,please call for info ,"digital and analog, 192 tracks",Dom Camardella,,,
90,SEAHORSE SOUND STUDIOS,"1336 S. Grand Ave.  Los Angeles, CA 90015 909-210-2317 ",seahorsesoundstudios@yahoo.com,seahorsesoundstudios.com,call for rates ,"analog and digital, 24 tracks",Samur,,,
91,SILENT ZOO STUDIOS,"736 Salem St.  Glendale, CA 91203 818-484-5222 ",contact@silentzoostudios.com,silentzoostudios.com,Call for details ,"Pro Tools Ultimate, Logic Pro, Ableton Live",Holden or Patrick,,,
92,SONIC FUEL STUDIOS,150 Sierra St.  El Segundo CA 90245 310-499-9274 ,team@sonicfuelstudios.com,sonicfuelstudios.com,call for information,"Pro Tools, Euphonix board",Kyrina Bluerose,"Sonic Fuel Studios is a state-of-the-art,eco-friendly tracking and mixing facility specializing in film, television, and interactive media music.  ",,
93,SONORA RECORDERS,"Palmdale, CA  213-841-0712 ",richardbarronmusic@gmail.com,sonorarecorders.com,call for information,"mixing, mastering & production ",Richard,,,
94,SOUND CITY STUDIOS,"15456 Cabrito Road  Van Nuys, CA 91406 818-304-0573 ",,soundcity.la ,,,,,,
95,SOUND-TECH STUDIO,"24300 Country Rd.  Moreno Valley, CA 92557 951-243-6666 ",soundtechstudio@yahoo.com,facebook.com/soundtechmusic,please call for info ,,Allan Johnson,,,
96,STEPPINGOUT PERFORMING ARTS, ,,,,,,,,
97,STEAKHOUSE STUDIO,818-485-2620   ,kelle@linearmanagement.com,steakhousestudio.com,please call for info ,,Kelle Musgrave Glanzbergh,,,
98,STUDIO CITY SOUND,"4412 Whitsett Ave.  Studio City, CA 91604 818-505-9368 Fax 818-761-4744 ",booking@studiocitysound.com,studiocitysound.com,$100-150/hr. ,digital (256 tracks) analog (24 track 2-inch),Tom Weir,,,
99,STUDIO WEST OF SAN DIEGO,"11021 Via Frontera, Ste. A  San Diego, CA 92127 858-592-9497 ",,studiowest.com,call for rates ,"SSL, Neve, ICON, Pro Tools HD6, SurroundSound, ISDN, Phone-Patch, ADR ",,,,
100,TALENTED PRODUCTIONS,"2010 S. Crescent Heights Blvd.  Los Angeles, CA 90034 818-284-3943 ",mike@parlett.com,talentedproductions.com/ ,,,,,,
101,TIMEART STUDIO,"Studio City, CA  818-980-2840 ",info@timeart.us,TimeArt.us,,"Digital. ProTools 2021.3, Logic 10.6.1, JohnHardy Stereo Mic Pre, Pro Mics.  ",,,,
102,TOMSONICS RECORDING STUDIO,"Monterey Park , CA  626-633-2736, 323-721-0511 ",tommanasian@gmail.com,,,,,Full band live recording. A comfortableplace to create good music.Experienced in all Styles of music  ,,
103,TRACK ENTERTAINMENT STUDIOS,"13848 Ventura Blvd., Ste. 4D  Sherman Oaks, CA 91423 818-259-7244 ",trackentertainmentstudios@yahoo.com,facebook.com/trackentertainmentstudios,please call for info ,"4 Pro Tools suites, music production andrecording, post production, mixing and mastering, 7.1 surround sound, songwriting, composing, arranging, film scoring, commercials, live drums etc. ","Alexander Track, producer/engineer,Grammy Winner ",,,
104,TRACK STAR STUDIOS,"P.O. Box 561  La Mesa, CA 91944 619-697-7827 ",info@trackstarstudios.com,trackstarstudios.com,Call for rates ,,Josquin des Pres,,,
105,TRINITY SOUND COMPANY,"751 S. Weir Canyon Rd., Suite 157-535  Anaheim Hills, CA 92808 714-881-5211 ",info@trinitysoundcompany.com,trinitysoundcompany.com/our-work/recording,Please call for info ,,,,,
106,ULTRIUM STUDIOS,"12028 Vose St,   North Hollywood, CA 91605 (909) 327-1084 ",ultrium@ultriumstudios.com,ultriumstudios.com ,,,,,,
107,UNION RECORDING STUDIO,"7051 Santa Monica Blvd,  Los Angeles, CA 90038 323-615-3575 ",info@unionrecstudios.com,unionrecstudios.com,$23/hr/$87/$199 ,,,,,
108,VENETO WEST,"PO Box 6363  Pine Mountain Club, CA 93222 310-591-4440, 310-200-9010 ","rcm@venetowest.com,Liz@lizredwing.com ",venetowest.com,call for info ,digital and analog,"Liz Redwing, Ronan Chris Murphy",,,
109,VIRLOUISE,"1631 N Placentia Ave  Ste K Anaheim, CA 714-322-3600  ",,,,,,,,
110,WESTLAKE RECORDING STUDIOS,"Studios A & B  8447 Beverly Blvd. Los Angeles, CA 90048 323-851-9800 ",bookings@westlakestudios.com,westlakestudios.com,Please call or email for rates. ,,"Eric Rennaker, Sydney Jones or SteveBurdick ",,,
111,"WOMB RECORDING STUDIO, THE","Lake Balboa, CA 91406  818-414-6369 ",haddaddrum@yahoo.com,davehaddad.com,please call for info ,"digital and Analog, more than 64 tracks",Dave,,,
112,WOODSOUND STUDIOS,"120 Front St.  Covina, CA 91723 626-956-7455 ",tom@woodsoundstudios.com,woodsoundstudios.com  ,,,,,,
113,THE BLASTING ROOM,"1760 Laporte Ave. Ste. 2  Fort Collins, CO 80521 (970) 416-9292 ",info@blastingroomstudios.com,blastingroomstudios.com,"Starting at $40/hr, $450/day, Mastering$150/track  ",Analog/Digital Pro Tools 2021 HDX,"Bill Stevenson, Jason Livermore, AndrewBerlin, Chris Beeble, Jonathan Luginbill ",,,
114,COLORADO SOUND STUDIOS,"3100 W. 71st Ave  Westminster, CO 80030 303-430-8811 ",colosnd@coloradosound.com,coloradosound.com,,"Pro Tools 12 HDXAlso Remote Recording, Mastering Services, Media Labs Education, and Music Video Production  ","Jess Lambert, Studio Office Manager",,,
115,ROCKY MOUNTAIN RECORDERS,"1250 W. Cedar Ave.  Denver, CO 80223 303-777-3648 ",frontdesk@rockyrecorders.com,rockyrecorders.com,please call for info ,,Rachel Converse,,,
116,CARRIAGE HOUSE STUDIOS,"119 Westhill Rd.   Stamford, CT 06902 203-358-0065 ",johnny@carriagehousemusic.com,carriagehousemusic.com,please call for info ,digital and analog,John Montagnese,,,
117,FRESH TRACKS STUDIO,"65 Deer Hill Ave  Danbury, CT 971-344-1115 ",jon@freshtracksstudio.com,"katiespain.com,facebook.com/freshtracksstudio ",call for rates                                                                                                                                                                                                                                                                                                                                                nd              21 April 2022 musicconnection.com  75 February  2022 musicconnection.com  ,HD,Jon Lindahl,,,
118,SAGESOUND STUDIOS,"549 Howe Ave.  Unit 404  Shelton, CT 06484 203-922-0491 ",info@sagesoundstudios.com,sagesoundstudios.com,call for rates ,,,,,
119,TARQUIN STUDIOS,"Bridgeport, CT  ",studio@tarquinrecords.com,tarquinrecords.com/studio ,,,Sandy Roberton,,,
120,JAMLAND STUDIO,"2326 Empire Dr.  Wilmington, DE 19810 302-475-0204 ",music@jamlandstudio.com,jamlandstudio.com,call for information ,see website for equipment,,,,
121,OCCUPY STUDIO,"170 East Main Street  Newark, DE 19711 302-223-4441 ",Record@OccupyStudio.com,occupystudio.com  ,,,,,,
122,LION AND FOX RECORDING STUDIOS,"9517 Baltimore Ave  College Park, MD 20740 301-982-4431 ",mail@lionfox.com,lionfox.com,$75/hour ,"32 track I/O, 96k, 24bit",Jim Fox,,,
123,AUDIO-VISION,"13885 W. Dixie Hwy.  North Miami, FL 33161 305-893-9191 ",,audiovisionstudios.com,Please Call in ,Digital and Analog,,,,
124,BRICKKS HOUSE OF BEATZ,"1331 West Cass St.  Tampa, FL 33605 813-808-1492 ",booking@dirttybeatz.com,dirttybeatz.com,call for rates ,,Corey Jackson,,,
125,CRESCENT MOON,"Miami, FL 33155  305-663-8924 ",josem@crescentmoon.com,crescentmoon.com,Call for rates ,"Audio/Video Suites, ISDN, Digital/Analog",,,,
126,DOGMANIC PRODUCTIONS & RECORDING STUDIOS,"1731-B SW 7th Ave.  Pompano Beach, FL  33060 954-675-0870 ",info@DogManicRS.com,dogmanicrs.com ,,,,,,
127,EVERMORE SOUND RECORDING STUDIOS,"1633 Acme St.  Orlando, FL 32805 407-218-5953 ",info@evermoresound.com,evermoresound.com,call or email for info ,see website for equipment list,Luke Beaulac,,,
128,GRANDBAY RECORDING,"2811 North 34th Street  Tampa, Fl. 33614 813-418-2346 ",studiotime@grandbaystudios.com,grandbayrecordingstudios.com ,,,,,,
129,PHAT PLANET RECORDING STUDIOS,"3473 Parkway Center Ct.   Orlando, FL 32808 407-295-7270 ",info@phatplanetstudios.com,phatplanetstudios.com,"$110/hr. Studio A, $70/hr. Studio B ","Pro Tools HD, Analog 2-inch etc.",Ed Krout,,,
130,LILY PAD RECORDING,"226 King Street ,  Suite 150  Cocoa, FL 32922 321-305-6085 ",mark@lilypadrecording.com,lilypadrecording.com,$35/hr/$50 (2hr min) ,,,,,
131,MIAMI BEACH RECORDING STUDIOS,"14889 NE 20th Ave.  North Miami, FL  33181 305-956-3939 ",Pablo@mbrs.us,studio.mbrs.us ,,,,,,
132,NOISEMATCH STUDIOS,"4306 NW 2nd Ave.  Miami, FL  33127 786-334-5382 ",info@noisematch.com,noisematchstudios.com,"$135/hr/$1500(12 hrs), 1/2 day/$780 ",,,,,
133,SONIC RECORDING,"Cape Coral  Fort Meyers, FL 239-898-1339 ",bo@sonicrecording.net,sonicrecording.net,$75/hr ,,Bo Davis,,,
134,TWENTY-FIRST CENTURY STUDIOS,"1736-2 Landon Ave.   Jacksonville, FL 32207 904-346-3452 ",21centurystudios@gmail.com,twentyfirstcenturystudios.com.facebook.com/21stCenturyStudios ,call for rates ,,,,,
135,VELVET BASEMENT RECORDING STUDIO,"1958 N.E. 147th Terrace  Miami, FL 33181 786-252-2924 ",info@11thstreetstudios.com,11thstreetstudios.com ,"call for info 11th STREET STUDIOS 699 11th Street, NW Atlanta, GA 30318 404-249-8511 ",see website for equipment list,,,,
136,THE BLUE ROOM RECORDING,"500 Bishop St., Ste. 7  Atlanta, GA 30318 678-249-0729 ",theblueroommusic@gmail.com,theblueroomrecording.com ,,,,,,
137,GROOVE TUNES STUDIOS,"340 Rossiter Ridge  Alpharetta, GA 30022 770-842-5511 ",eatunison@bellsouth.net,groovetunes.com,$75/hr. ,Pro Tools HD/3 v. 8.0,Eric Tunison,,,
138,LOUDHOUSE STUDIOS,"2115 Liddell Dr. NE  Atlanta, GA 30324 404-963-7374 ",info@loudhousestudios.com,loudhousestudios.com ,,,,,,
139,PARHELION RECORDING STUDIOS,"684 Antone St. S.E., Ste. 110  Atlanta, GA 30318 678-949-9119 ",mail@parhelionrecordingstudios.com,parhelionrecordingstudios.com,$100/$75/hr ,see website for equipment list,,,,
140,TREE SOUND STUDIOS,"4610 Peach Tree Industrial Blvd.  Norcross, GA 30071 770-242-8944 ",info@treesoundstudios.com,treesoundstudios.com,please call for info ,,,,,
141,ISLAND SOUND STUDIOS,"377 Keahole St., Ste. D-03  Honolulu, HI 96825 808-200-1822 ",aloha@islandsoundstudios.com,islandsoundstudios.com,,"2 SSL9000J, Digital/Analog  ",Kyle Spicer,,,
142,"TONIC ROOM, THE","1509 Roberts St., Ste. 103   Boise, ID 83705 208-338-8433 ",info@tonicroomstudios.com,tonicroomstudios.com,"$55\hr(8-12hrs), $65/hr(1hr), $550 Daily rate  ",Pro Tools HD/Neve,Jason or Chris,,,
143,CLASSICK STUDIOS,"2950 W. Chicago Ave.  Chicago, IL 60622 773-217-0513 ",Book@classickstudios.com,classickstudios.com,$45/75 Hr (3hr min) ,,,,,
144,ELECTRICAL AUDIO,"2621 W. Belmont Ave.  Chicago, IL 60618 773-539-2555 ",info@electricalaudio.com,electricalaudio.com,$400/$600 per day ,,"Steve Albini, Owner and Recording Engineer",,,
145,HANDWRITTEN RECORDING,"1346 W. Belmont  Chicago, IL 60657 773-472-7132 ",Rick@handwrittenrecording.com,handwrittenrecording.com,$395 day (10hr) / $45/hr ,digital and analog,,,,
146,PRESSURE POINT RECORDING STUDIOS,"2239 S. Michigan Ave.  Chicago, IL 60616 312-842-8099 ",wolfdog@pprecs.com,pprecs.com,please call ,Digital/Analog,,,,
147,STONECUTTER RECORDING STUDIO,"1719 S. Clinton, Floor Zero  Chicago, IL 60616 312-698-9977 ",info@stonecutterstudios.com,stonecutterstudios.com ,,,,,,
148,STUDIO VMR,"5818 S. Archer Rd.  Summit, IL   60501 708-267-2198, 312-286-5018 ",don@studiovmr.com,studiovmr.com,Call for prices ,"Pro Tools HD3 Accel, also Hard DiskRecorders/72 Tracks ",,,,
149,TREE HOUSE RECORDS,"4808 W. Wrightwood Ave.  Chicago, IL 60639 847-302-6105 ",mg@treehouserecordschicago.com,treehouserecordschicago.com,$40.hr ,,Matt Geiser,,,
150,AIRE BORN STUDIOS,"4700 Northwest Plaza W. Dr.  Zionsville, IN 46077 317-876-1556 ",,aireborn.com,call or email for info ,see website for equipment list,Mike Wilson,,,
151,"LODGE STUDIOS, THE","3550 Roosevelt Ave.  Indianapolis, IN 46218 317-568-0000 ",info@thelodgestudios.com,thelodgestudios.com,please call for info ,,Michael Graham,,,
152,"CATAMOUNT RECORDING, INC.","5737 Westminster Dr.  Cedar Falls, IA 50613 319-268-1011 ",catamount@cfu.net,catamountrecording.com,,"Pro Tools HD3, Otari 2-inch analog, SSL ",,,,
153,"TRIAD PRODUCTIONS, INC.","2120 Rittenhouse St., Suite C  Des Moines, IA 50309 515-243-2125 ",sales-studio@triadav.com,triadav.com,please call for info  ,,,,,
154,DOWNTOWN RECORDING,"515 S. 4th St.  Louisville, KY 40202 502-583-9966 ",nick@downtownrecording.com,downtownrecording.com,please call for info ,"Pro Tools HDX, 24 Track 2-inch analog",Nick Stevens,,,
155,THE LODGE,"231 6th Ave.  Dayton, KY 41074 513-476-9115 ",,thelodgeky.com ,,,,,,
156,DOCKSIDE STUDIO,"4755 Woodlawn Rd.   Maurice, LA 70555 337-893-7880 ",docksidestudio@gmail.com,facebook.com/Dockside-Studio,please call for info ,"Tracking, Mixing, Lodging",Steve and Cezanne (Wish) Nails,,,
157,MARIGNY RECORDING STUDIOS,"535 Marigny St.  New Orleans, LA 70117 504-475-4535 ",info@marignystudios.com,marignystudios.com,call or email for info ,see website for equipment list,Rick Nelson,,,
158,BAKED BEANS RECORDING,"75 Weston Farm Rd.  Harrison, ME 04040 207-615-1717, 207-583-4312 ",beans@megalink.net,bakedbeansrecording.com,$45/hour ,Pro Tools Ultimate,Alan Bean,,,
159,MY THRILL STUDIO,"46 Blueberry Hill Rd.  Winterport, ME 04496 207-223-5082 ",mfrancis@mythrillstudio.com,mythrillstudio.com,please call for info ,,,,,
160,CLEANCUTS MUSIC,"2901 Chestnut Ave.  Baltimore, MD 21211 410-467-4231 ",tetiana@cleancuts.com ,cleancuts.com,please call for info,,,,,"4100 Wisconsin Ave., N.W. Washington, D.C. 20016 202-237-8884 "
161,NIGHTSKY STUDIOS,"3432 Rockefeller Ct.,   Waldorf, MD 20602 301-910-6163, 301-374-9450 ",aurora4dth@aol.com,facebook.com/nightskystudios,call for current rates ,Pro Tools HD,Ron,,,
162,"BLINK MUSIC, INC.","129 Franklin St.  Cambridge, MA 02139 617-225-0044 ",info@blinkmusic.com,blinkmusic.com,call for info ,,,,,
163,CYBER SOUND RECORDING STUDIOS,"349 Newbury St., Ste. 201  Boston, MA 617-424-1062 ",cyber.sound@verizon.net,cybersoundmusic.com,$125 per hour with Engineer ,"Pro Tools HD, Digital/Analog",,,,
164,MIXED EMOTIONS MUSIC,"11 Pine Ave  Middleton, MA 01949 978-774-7413 ",mixedemt@aol.com,mixedemotionsmusic.com ,,,"Kenny Lewis, Engineer/Producer",,,
165,NORTHFIRE RECORDING,"15a Grove St.  Amherst, MA 01002 413-256-0404 ",northfirerecordingstudio@gmail.com,northfirerecording.com,"$60/70/hr, $550/10hr. ",see website for equipment list,,,,
166,Q DIVISION STUDIOS,"North Cambridge, MA  617-623-3500 ",,qdivisionstudios.com,Call for rate ,,,,,
167,SUREFIRE CREATIVE STUDIOS,"Lowell, MA 01852  978-441-0975 ",SurefireCreativeStudios@gmail.com,surefirecreativestudios.com,call for rates  ,,,,,
168,METRO 37 RECORDING STUDIO,"1948 Star Batt Dr.  Rochester, MI 48309 586-549-2879 ",metro37studio@gmail.com,metro37.com,please call for info ,see website for equipment list,Kevin Sharpe,,,
169,RUSTBELT STUDIOS,"118 E. 7th Street  Royal Oak, MI 48067 248-541-7296 ",info@rustbeltstudios.com,rustbeltstudios.com ,,,,,,
170,WATERFALL STUDIOS,"11389 S. Forrest Sideroad   Dafter, MI 49724 313-570-6780 ",waterfall@waterfallrecordings.com,waterfallrecordings.com,please call for info  ,digital,Kenneth Sutton,,,
171,BABBLE-ON RECORDING STUDIOS,"5120 27th Ave. S.  Minneapolis, MN 55417 612-375-0533 ",andre@babble-on-recording.com,babble-on-recording.com,$100/200 hr. ,"digital and analog, Pro Tools HD2",Andre Bergeron,,,
172,THE HIDEAWAY,"77 13th Ave., N.E.   Minneapolis, MN 55413 ",joe@thehideawaympls.com,thehideawaympls.com,email for rates ,see website for equipment list,,,,
173,SKYLAND STUDIOS,"7452 236 th  Street E  Lakeville, MN ",,skylandstudiocom ,,,,,,
174,THE TERRARIUM,"607 Central Ave., S.E.  Minneapolis, MN 55414 612-338-5702 ",jasonorris@mac.com,the-terrarium.com,call for rates  ,Pro Tools HD3,Jason Orris,,,
175,ENDEAVOR STUDIO,"211 South College St  Arcadia, MO 573-944-4440 ",greggill45@gmail.com,"facebook.com/endeavorstudioAV,endeavorav.com  ",,,,,,
176,MANSION SOUND RECORDING STUDIO,"189 Expressway Lane  Branson, MO 65616 417-337-7851 ",info@MansionSound.com,mansionsound.com ,,,,,,
177,"JERECO STUDIOS, INC.","627 E. Peach St., Ste. E  Bozeman, MT 59715 406-586-526 ",jeremiah@jerecostudios.com,jerecostudios.com,call for rates  ,digital,Jeremiah,,,
178,JOEAUDIO PRODUCTIONS,"10850 John Galt Blvd.  Omaha, NE 68137  ",,,,,,,,
179,MAKE BELIEVE STUDIOS,"825 S. 20th St.  Omaha, NE 68108 402-972-6387 ",your_friends@makebelievestudio.com,makebelievestudio.com ,,,,,,
180,STUDIO 24,"8601 N. 30th St.  Omaha, NE 68112 402-342-9090 ",rcb@studio24omaha.com,studio24omaha.com,$60/HR  ,digital,Chuck Beckler,,,
181,THE HIDEOUT RECORDING STUDIO,"14 Sunset Way  Henderson, NV 89014 702-445-7705, 702-318-6001 ",,hideoutlv.com,"Hourly and Block, call for quotes ",Analog and Digital,,,,
182,JAGUAR RECORDING STUDIO,"Las Vegas, NV   702-808-4400 ",thad@jaguarstudio.com,thaddeuscorea.com,Call for rates. ,Logic Pro,Thaddeus Corea,,,
183,"TONE FACTORY, THE","5329 S. Cameron  Las Vegas, NV 89120 702-301-6964 ",info@thetonefactory.com,"thetonefactory.com, vinniecastaldo.com",,,Vinnie Castaldo ,,,
184,"UNIVERSITY OF NEVADA, LAS VEGAS","4505 S. Maryland Pkwy.  Las Vegas, NV 89154 702-895-3332 ",,unlv.edu/music/beam/studio,,,"Music Department, Recording Studio  ",,,
185,MOJO MUSIC STUDIO,"P.O. Box 536  Franconia, NH 603-348-5249 ",mojomusicstudio@gmail.com,mojorecordingstudio.com,call for rates  ,Pro Tools 10,Tony or Joe,,,
186,KALEIDOSCOPE SOUND,"514 Monastery Pl  Union City, NJ 07087 201-223-2868 ",info@kaleidoscopesound.com,kaleidoscopesound.com  ,,,,,,
187,SOUND ON SOUND STUDIOS,"1 Greenwood Avenue  Suite 210 Montclair, NJ 07042 212-944-5770 ",info@soundonsoundstudios.com,soundonsoundstudios.com ,,,,,,
188,170 U.S. 9,"Englishtown, NJ 07726  732-617-6530 ",info@stosp.net,studiotostageproductions.com/recording-studio ,,,,,,
189,"JOHN WAGNER RECORDING STUDIOS, INC.","8601 Lomas N.E.  Albuquerque, NM 87112 505-296-2766, 505-296-2919 ",info@johnwagnerstudios.com,johnwagnerstudios.com ,,,,,,
190,STEPBRIDGE STUDIOS,"528 Jose St.  Santa Fe, NM 87501 505-988-7051 ",stepbridge@gmail.com,stepbridge.com,please call for info  ,"Pro Tools HD, Music production, audioservices for film and authors. ",Edgard Rivera,,,
191,(STUDIO & PRODUCTION COMPANY),"8225 5 th  Avenue  Suite 335 Brooklyn, NY 11209 347-240-5417 ",mattyamendola@825records.com,825records.com,,Semi-private project studio,Matty Amendola,Mixing & full service production ,,
192,321 W 44 th  Street,"Suite 1001  New York, NY  10036 212-833-7373 ",donna.kloepfer@batterystudios.com,batterystudios.com ,,,,,,
193,THE BREWERY RECORDING STUDIO,"910 Grand St.  Brooklyn, NY 844-717-2739 ",booking@breweryrecording.com,breweryrecording.com,$95/hr ,,Nick DAlessandro,,,
194,CORNER STORE STUDIO, ,,,,,,,,
195,"CUTTING ROOM RECORDING STUDIOS, THE","14 E. 4th St., Ste. 602  New York, NY 10012 212-260-0905 ",bookings@thecuttingroom.com,thecuttingroom.com,call for rates ,Pro Tools HDX system and SSL DualityConsole ,,,,
196,DUBWAY STUDIOS,"14 East 4th St. Suite 602  New York, NY 10012 212-352-3070 ",info@dubway.comWeb  dubwaymusic.com ,,please call for info ,"Pro Tools, full-service, music, live bandtracking, mixing. ",Al Houghton,,,
197,ELECTRIC KINGDOM STUDIOS,"6 Richard Terrace  Hartsdale, NY 10530 800-933-1305 ",info@electrickingdom.com,electrickingdom.com ,,,,,,
198,ENGINE ROOM AUDIO,"42 Broadway, 22nd Fl.  New York, NY 10004 212-625-3467 ",info@engineroomaudio.com,engineroomaudio.com,Contact us for details ,"Tracking, Mixing, Mastering and Manufacturing",,,,
199,FLUX STUDIOS,"154 E. 2nd St., Ste. #4A  New York, NY 10009 917-512-3489 ",info@fluxstudios.net,fluxstudios.net,Call for rates ,"Vintage Heart, Modern Mind",,,,
200,GERMANO STUDIOS,"676 Broadway, 3rd Fl.  New York, NY 10012 917-685-`395 ",troy@thehitfactory.com,germanostudios.com,please call for info ,SSL Duality SE 48 input analog with TotalRecall ,Troy Germano,,,
201,THE ICE PLANT,"Long Island City, NY  ",booking@theiceplant.com,theiceplant.com,email for rates,,Wayne Silver,"API Console, lots of analog outboard,Studer, Pro Tools HDX, live room, iso room, lounge with full kitchen and daylight, and a lot of musical instruments.  ",,
202,LOUNGE STUDIOS,"315 W 39th St.  New York, NY 212-268-8522 ",frontdesk@loungestudiosnyc.com,loungestudiosnyc.com ,,,Walter Randall,,,
203,METROSONIC RECORDING,"143 Roebling St., 3rd Fl.  Brooklyn, NY 11211 718-782-1872 ",manager@metrosonic.net,metrosonic.net,Call for information ,all analog and digital formats,,,,
204,MONO LISA STUDIOS,"43-01 21st St., Ste. 212B  Long Island City, NY  11101 212-920-0192 ",MONOLisaNYC@gmail.com,monolisanyc.com,Available upon request ,ProTools HD10,,,,
205,PENTHOUSE STUDIOS,"723 7th Ave, PH   New York, NY 10019 212-869-0320 ",bookings@penthousestudiosnyc.com ,penthousestudiosnyc.com/contact,,,,,,
206,PYRAMID RECORDING,"12 E. 32nd St., 3rd Fl  New York, NY 10016 212-686-8687 ",pyramidrec@gmail.com,facebook.com/pyramidrecordingnyc ,,,"Todd Hemleb, Founder",,,
207,ROUND HILL MUSIC,"650 Fifth Ave., Suite 1420  New York, NY 10019 212-380-0080 ",info@roundhillmusic.com,roundhillmusic.com,please call ,Digital and analog,,,,
208,SEAR SOUND,"353 W. 48th St., 6th Fl.  New York, NY 10036 212-582-5380 ",waltersear@aol.com,searsound.com,call for rates ,"Analog and Digital, Studio A, Recording/mixNeve 8038, Studio C, Large Recording/mix, Studio D, pre/post room/vacuum tube console & Moog ","Roberta Findlay, Studio Manager",,,
209,STRANGE WEATHER,"New York, NY  347-422-6419 ",booking@strangeweatherbrooklyn.com,strangeweatherbrooklyn.com,call for info ,see website for equipment list,,,,
210,STUDIO G BROOKLYN,"44 Dobbin St.  New York, NY 11222 347-281-1226 ",booking@studiogbrooklyn.com,studiogbrooklyn.com/studio ,,,Tony Maimone,,,
211,VALHALLA STUDIOS NEW YORK,"89 Letchworth Street   Auburn, NY 13021 315-255-0370 ",contact@valhallastudiosny.com,valhallastudiosny.com ,,,,,,
212,WATCHMEN STUDIOS,"5996 Snyder Dr.  Lockport, NY 14094 716-439-6146 ",watchmens@aol.com,"watchmenstudios.com, facebook.com/watchmenstudios ","$35/hr, $280/8hr  ",Pro Tools L.E.,,,,
213,DEEP RIVER SOUND STUDIO,"6173 Deep River Rd.  Sanford, NC 27330 919-718-0076 ",deepriverstudios@gmail.com,deepriverstudios.com ,,,,,,
214,EARTHTONE RECORDING,"8-d Wendy Ct.  Greensboro, NC 27409 336-210-7107 ",earthtonesrecording@gmail.com,earthtonesrecording.com,"$50hr, two-hour minimum, $325 per day ",,Benjy Johnson,,,
215,GAT3 PRODUCTIONS,"655 Presley Rd., Suite E  Charlotte, NC  28217 704-525-5552 ",info@gat3.com,gat3.com,,,Susan Tabor ,,,
216,RADHAUS STUDIOS,"12 Old Charlotte Highway, Suite 10   Asheville, NC 28815 828-484-4408 ",studio@radhaus.us,rad.haus,varies based on requirements. ,MOBILE VIDEO AND AUDIO RECORDING --,Rebekkah Hilgraves,,,
217,SALOON STUDIOS LIVE,"313 Old West Road   West Jefferson, NC 28964 ",info@saloonstudioslive.com,saloonstudioslive.com/recording-studio ,,,Laura Jones336-877-2374 ,,,
218,SOUND TEMPLE RECORDING,"Asheville, NC  828-633-2149 ",Robert@soundtemplestudios.com,soundtemplestudios.com,,Pro Tools 12.5 ,,,,
219,STUDIO WARMWOOD,"Asheville, NC  860-230-1176 ",studiowarmwood@gmail.com,studiowormwood.com  ,,,Dave Kaminsky,,,
220,BAD RACKET RECORDING STUDIOS,"2220 Superior Avenue  Cleveland, OH 216-309-2882 ",play@badracket.com,badracket.com ,,,,,,
221,W eb:  lavaroomrecording.com, ,,,,,,,,
222,STAR SOUND STUDIOS,"10200 Royalton Road  Ste. 3 North Royalton, OH 216-374-8458 ",starstoundstudioscleveland@gmail.com,starsoundstudios.com ,,,,,,
223,"BENSON SOUND, INC.","5717 S.E. 74th St., Ste. F  Oklahoma City, OK 73135 405-610-7455 ",info@bensonsound.com,bensonsound.com,please call for info ,digital,,,,
224,CORNERSTONE RECORDING CO.,"1315 Locust Ln.  Edmond, OK 73013 405-848-8400 ",info@cornerstonerecording.com,cornerstonerecording.com,please call for info ,Digital and Analog,Ken Sarkey,,,
225,BIG RED STUDIO,"P.O.Box 66  Corbett, OR 97019 503-695-3420 ",billyo@bigredstudio.com,bigredstudio.com,Please call for rates ,"2-inch analog, vintage Trident Console, ProTools HD2 ",Billy Oskay,,,
226,JACKPOT! RECORDING STUDIO,"2420 S.E. 50th  Portland, OR 97206 503-239-5389 ",info@jackpotrecording.com,jackpotrecording.com,$50/hr ,see website for equipment list,Larry Crane,,,
227,SPROUT CITY STUDIOS,"Eugene, OR  97402  541-687-0947 ",giddy@sproutcity.com,sproutcity.com,please call for info  ,digital,,,,
228,CAMBRIDGE SOUND STUDIOS,"2003 West Moyamensing Ave.  Philadelphia, PA 19145 215-465-7500 ",jscambridge@verizon.net,cambridgesoundstudios.com ,,,,,,
229,API 1608,,,,"$95/hr, $400/1/2 day, $800/day ",,,,,
230,MINER STREET BOOKING,"128 Krams Ave.  Philadelphia, PA 19127 ",minerstreetbooking@gmail.com,minerstreet.com ,,,Brian McTear,,,
231,RIGHT COAST RECORDING,"Columbia, PA  717-681-9801 ",studio@rightcoastrecording.com,rightcoastrecording.com,call for rates ,"2-inch 16 + 24 track analog, 48 track 192kdigital performer, automated Neotek elite console ",,,,
232,SPICE HOUSE SOUND,"1514 E. Wilt St.  Philadelphia, PA  19125 203-644-2129 ",booking@spicehousesound.com,spicehousesound.com,$80/hr/$320/half day/$600 daily ,,,,,
233,THIRD STORY,"5120 Walnut St.  Philadelphia, PA 19139 215-747-1200 ",tsr2@verizon.net,thirdstoryrecording.com,please call for rate ,"Pro Tools, Digital/Analog",,,,
234,STATIC PRODUCTIONS,"North Kingstown, RI  401-267-8236 ",record@staticproductions.com,staticproductions.com,see website  ,,Peter LaGrasse,,,
235,THE JAM ROOM,"201 S. Prospect St.   Columbia, SC 29205 803-787-6908 ",jamroomstudio@gmail.com,jamroomstudio.com,please call for rates ,Pro Tools HDX,Jay Matheson,,,
236,STRAWBERRY SKYS RECORDING STUDIOS,"1706 Platt Springs Rd.   West Columbia, SC 29169 803-794-9300 ",info@strawberryskys.com,strawberryskys.com,call for pricing ,Radar24 and Pro Tools,Gary Bolton,,,
237,ALL POETIC AUDIO,"Scotland, SD  605-660-6741 ",all.poetic.audio@gmail.com,allpoeticaudio.com ,,,,,,
238,4U RECORDING,"400 Union Avenue  Memphis, TN  38103 901-779-2044 ",info@4urecording.com,4urecording.com,,,,,,"1376 Chattahoochee Ave. NW Atlanta, GA 30318 470-541-2445  "
239,ARDENT STUDIOS,"2000 Madison Ave.  Memphis, TN 38104 901-725-0855 ",info@ardentstudios.com,ardentstudios.com,please call for info ,"Pro Tools 9.0.1 and analog 24, 16, 8 and 2 trk1/2-inch and 1/4-inch ",,,,
240,BLACKBIRD STUDIO,"2806 Azalea Pl.  Nashville, TN 37204 615-467-4487, 615-487-2509 ",info@blackbirdstudio.com,blackbirdstudio.com,please call ,Digital/analog,"John McBride, Studio Owner;Rolff Zwiep, Studio Mgr. ",,,
241,"CAVE STUDIOS, THE","5853 Davis Hollow Rd.   Franklin, TN 37064 615-790-7578 ",thecaverecordingstudios@gmail.com,thecavestudios.net,call for rates ,Pro Tools HD3,Andrew Hooker,,,
242,EAST IRIS STUDIO,"518 E. Iris Dr.  Nashville, TN 37204 615-777-9090 ",info@eastirisstudios.com,eastirisstudios.com ,,,,,,
243,FUNHOUSE STUDIOS,"802 18th Avenue South  Nashville, TN  37203 615-242-7949 ",funhousestudios@yahoo.com,facebook.com/FunhouseStudios,"$40/50/hr, 3 hr block, $350/450/day,12 hr day  ",,,,,
244,HOUSE OF DAVID STUDIO,"1205 16th Ave. S  Nashville, TN  37212 615-320-7323 ",houseofdavidstudio@gmail.com,houseofdavidnashville.com ,,,,,,
245,HILLTOP STUDIO,"902 Due West Ave.  Nashville, TN 37115  ",,,,,,,,
246,IN CIITE STUDIOS,"320 Billingsly Ct.  Franklin, TN  37067 615-553-3240 ",info@inciite.com,inciite.com ,,,,,,
247,JAMES LUGOS VOCAL ASYLUM,"Nashville, TN  615-540-9108 ",james@jameslugo.com,jameslugomusic.com/about,call for rates ,digital and analog,James Lugo,,,
248,MASTER GROOVE STUDIOS / RADD SOUND,"Northridge, CA  Nashville, TN 818-830-3822, 615-562-5329 ",davejavu@att.net,mastergroovestudios.com,please call for rates ,"digital, unlimited tracks",David Morse,,,
249,OCEAN WAY NASHVILLE,"1200 17th Ave., S.  Nashville, TN 37212 615-320-3900 ",pmcmakin@oceanwaynashville.com,oceanwaynashville.com,please call ,digital and analog,,,,
250,PALETTE MUSIC,"2491 N. Mt. Juliet Rd., #1934  Mount Juliet, TN 37121 615-681-4061 ",,palettemusic.net,Call for info ,,Jeff Silverman,,,
251,PARLOR PRODUCTIONS,"1317 16th Ave., South  Nashville, TN 37212 615-385-4466 ",studio@parlorproductions.com,parlorproductions.com ,,,,,,
252,PRIME CUT STUDIO,"Nashville, TN  615-582-7307 ",,primecutstudio.com,call for rates ,,,,,
253,ROUND HILL MUSIC,"818 18 th  Ave. S Suite 940  Nashville, TN 37203 615-695-7705 ",info@roundhillmusic.com,roundhillmusic.com,please call,Digital and analog,,,,New York 212-380-0080 London +44 (0) 207-734 3251  
254,THE RUKKUS ROOM RECORDING,"2741 Larmon Dr.  Nashville, TN 37204 615-385-4007 ",booking@rukkusroom.com,rukkusroom.com,Call or email for rates ,,,,,
255,SIENNA STUDIOS NASHVILLE,"1802 Grand Ave.  Nashville, TN 37212 615-762-4094 ",,siennastudiosnashville.com/about,please call ,Digital and analog,,,,
256,SOUND EMPORIUM STUDIOS,"3100 Belmont Blvd.  Nashville, TN 37212 615-383-1982 ",,soundemporiumstudios.com,call or email for rates ,,,,,
257,SOUTH BY SEA STUDIOS,"1313 Jewel Street  Nashville, TN 37207 ",,southxseastudios.com ,,,,,,
258,SOUND STAGE STUDIOS LIVE,"10 Music Circles  Nashville, TN 37203 615-873-1501 ",,facebook.com/soundstagestudios,call for rates ,,Nick Autry,,,
259,STATION WEST,"616 W Iris Drive  Nashville, TN 37204 615-463-9118 ",stationwest@gmail.com,stationwest.com ,,,"Rafaela Marone, Manager",,,
260,STONEBRIDGE MASTERING STUDIO,"140 Jefferson Ave.  Memphis, TN 38103 901-654-6491 ",,stonebridgemastering.com,"$75/single, $50/song for 2 or more songs ",see website for equipment list,Gebre Waddell,,,
261,SUN STUDIO,"706 Union Ave.  Memphis, TN 800-441-6249, 901-521-0664 ",nina@sunstudio.com,sunstudio.com ,,,,,,
262,TOMMYS TRACKS MASTERING,"Nashville, TN  615-522-4344 ",tommy@tommystracks.com,tommystracks.com/mastering,$125/song ,"Analog mastering for todays digital, CD, vinyland streaming platforms ",Tommy Wiggins,,,
263,UNDERGROUND TREEHOUSE STUDIOS,"3145 Stafford Dr.  Nashville, TN 37214 615-497-5048 ",undergroundtreehouse@gmail.com,undergroundtreehouse.com,"$40/hr w/eng., $400/song, demoservice/Arrangements  ",,,,,
264,VERGE RECORDING,"1218 5th Ave. North  Nashville, TN 37208 615-320-5576 ",,vergerecording.com ,,,Brian Exkert,,,
265,WILDWOOD RECORDING,"2201 N. Berrys Chapel Rd.  Franklin, TN 37069 615-708-6944 ",booking@wildwoodrecording.com,wildwoodrecording.com,Call for Information ,"Digidesign Pro Tools HD3 wit Pro Control,Otari 2-inch 24 Track ",Brendan Harkan,,,
266,ARLYN STUDIOS,"200 Academy Dr., Ste. 140  Austin, TX 78704 512-447-2337 ",booking@arlynstudios.com,arlynstudios.com,call or email ,,,,,
267,AUSTIN SIGNAL,"10208 Birdlip Circle  Austin, TX 78733 512-656-4039 ",Jon@austinsignal.com,austinsignal.com,,"Pro Tools 10, Analog ",,,,
268,CACOPHONY RECORDERS,"Austin, TX   512-771-9863 ",cacophonyrecorders@gmail.com,cacophonyrecorders.com ,,,,,,
269,CRYSTAL CLEAR SOUND,"4902 Don Dr.  Dallas, TX 75247 214-630-2957 ",kent@crystalclearsound.net,crystalclearsound.net,"$70/hr, $500 for 8-hour block ","analog, digital, mastering",,,,
270,EMPIRE SOUND RECORDING STUDIO,"1500 Crescent Drive  Carrollton, TX 75006 214-289-3786 ",info@empiresoundstudios.com,empiresoundstudio.com ,,,,,,
271,FIREFLY SOUND STUDIO,"3711 Farm to Market Rd., 484   Fischer, TX 78133 830-935-2069 ",,sffirefly.com,call or email for info ,see website for equipment list,Steve Hennig,,,
272,JOMUSIK,"Sunnyvale, TX 75182  972-226-1265 ",info@jomusik.com,jomusik.com,"$60/hr, productions by mail ","digital and analog, lots of tracks",Joe Milton,,,
273,LUMINOUS SOUND,"17120 Dallas Pkwy., Ste. 100  Dallas, TX 75248 972-331-7040 ",info@luminoussound.com,luminoussound.com,please call for info ,,,,,
274,NEXUS RECORDING STUDIOS,"8535 Fair Haven  San Antonio, TX 78229 210-639-5266 ",Jason@nexusrecordingstudios.com,nexusrecordingstudios.com,,,Jason Hatch ,,,
275,PLANET DALLAS,"P.O. Box 110995  Carrollton, TX 75011 214-893-1130 ",info@planetdallas.com,planetdallas.com,call for pricing ,please see website,Rick Rooney,,,
276,RECORD WITH BARRON,"1701 Detering St.  Houston, TX. 77007 713-225-1846 ",barron@recordwithbarron.com,recordwithbarron.com,"1 hr/$80, 4 hr/$280 ",,,,,
277,SOUND ARTS RECORDING,"8377 Westview Drive  Houston, TX 77055 713-464-4653 ",brianbaker@soundartsrecording.com,soundartsrecording.com ,,,,,,
278,STUDIO HILL,"Austin, TX  737-202-4557 ",studiohillaustin@gmail.com,studiohillaustin.com ,,,,,,
279,STUDIO713,"848 Richey St.  Houston, TX 77002 713-640-5428 ",info@713mediagroup.com,713mediagroup.com ,,,,,,
280,SUNRISE SOUND,"3330 Walnut Bend  Houston,TX 77042 713-977-9165 ",info@sunrisesound.com,sunrisesound.com,"$139/2hr session, $259/4hr session,$479/8hr session  ",,,,,
281,TIERRA STUDIOS,"7502 Shadyvilla Ln.  Houston, TX 77055 832-730-0040 ",info@tierrastudios.com,tierrastudios.com ,,,,,,
282,TRINITY RECORDING STUDIO,"3406 Brawner Parkway  Corpus Christi, TX 78411  ",,,,,,,,
283,WIRE ROAD STUDIOS,901 W. 20th St.  Houston TX 77008 713-636-9772 ,contact@wireroadstudios.com,wireroadstudios.com,Studio A $130/Hour; Studio B $100/Hour;Studio D $75/Hour   ,Digital / Pro Tools,Bill Wade,,,
284,"445 N. 700 W,    Suite `0`","North Salt Lake, UT 84054  385-424-0778 ",funkstudiosutah@gmail.com,funkstudiosutah.com ,,,,,,
285,2544 W. 500 S.,"Provo, UT 84601  801-805-8217 ",dave@noiseboxstudios.com,noiseboxstudios.com,$85/hr ,,Dave Zimmerman,,,
286,GUILFORD SOUND,"561 Fitch Rd.  Guilford, VT 05301 802-254-4511 ",info@guilfordsound.com,guilfordsound.com,Please call Cindy. ,Pro Tools + Analog,Cynthia Larsen,,,
287,OLD MILL ROAD RECORDING,"316 Old Mill Road  East Arlington,VT 05252 802-430-7398 ",info@oldmillroadrecording.com,oldmillroadrecording.com ,,,,,,
288,VERMONT RECORDING STUDIOS,"1057 Quarry Road  Chester, VT 05153 802-631-0707 ",Studio@VermontRecordingStudios.com,VermontRecordingStudios.com,Please call for more information  ,"Studio One, Pro Tools, Solid State LogicSuperAnalogue Mixing Console & DAW Controllers. ",John Sawyer,,,
289,DA SPOT RECORDING STUDIO,"213 W Brookland Park Blvd.  Richmond, VA 23223 804-649-2888 ",,daspotrecordingstudio.com ,,,,,,
290,MASTER SOUND,"Virginia Beach, VA 23452  757-373-1180 ",rob@mastersoundva.com,mastersoundva.com,call for rates  ,digital and vintage analog,Rob Ulsh,,,
291,BEAR CREEK STUDIO AND MUSIC PRODUCTION,"6313 Maltby Rd.  Woodinville, WA 98072 425-481-4100 ",ryanhadlock@hotmail.com,bearcreekstudio.com,Please call for rates ,"2 24 trk, 2 16 trk, 1/2 2 trk, Pro Tools HD32 in/48 out ",Manny Hadlock,,,
292,ELECTROKITTY,"4415 Densmore Ave., N.  Seattle, WA 98103 425-358-1441 ",electrokittyrecording@gmail.com,electrokitty.com,call for more info ,Digital and Analog,Garrett,,,
293,MIRROR SOUND STUDIO,"301 N.E. 191st St.  Seattle, WA 98155 206-440-5889 ",info@mirrorsound.com,mirrorsound.com,Please call for rates ,24 track digital-analog,Ken Fordyce,,,
294,JAMIE PECK PRODUCTIONS,"216 Longvue Acres Rd.   Wheeling, WV 26003 304-277-2771 ",,jamiepeckproductions.com,please call for info ,digital Pro Tools HD,Jamie Peck,,,
295,BLAST HOUSE STUDIOS,"1117 Jonathon Dr.  Madison, WI   53713 608-276-4446 ",mike@madisonmusicfoundry.com,blasthousestudios.com,call for rates  ,see website for equipment list,,,,
